ID,BUILDING_DEPARTMENT,TYPE,DEPARTMENT_NAME,AND_DEPARTMENT_NAME,MATCH_GCC,Notes,BD_STAFF_COUNT,BD_STAFF_POS,BD_STAFF_TOTAL_WAGES,EmployerPopulation,EmployerCounty
CIT.001,ADELANTO,CITY,Planning,,Yes,,1,Development Services Coordinator,101913.0,37150.0,San Bernardino
CIT.002,AGOURA HILLS,CITY,Community Development ,Building & Safety,Yes,,10,"Building Official, Counter Permit Technician, Associate Planner, Associate Planner, Associate Planner, Community Development Director, Land Use Technician, Principal Planner, Senior Code Compliance Officer, Senior Planner",1110924.0,19904.0,Los Angeles
CIT.003,ALAMEDA,CITY,"Planning, Building & Transportation",,Yes,,42,"Administrative Assistant I, Administrative Assistant I, Administrative Assistant I, Administrative Assistant II, Administrative Services Coordinator, Administrative Specialist I, Administrative Specialist II, Administrative Specialist III, Administrative Technician I, Building Official, Code Enforcement Officer, Combination Bldg. Inspector I, Combination Bldg. Inspector I, Combination Bldg. Inspector II, Combination Bldg. Inspector II, Combination Bldg. Inspector II, Executive Assistant, Info Tech Systems Analyst, Pabst Director, Pabst Director, Permit Technician I, Permit Technician I, Permit Technician I, Permit Technician II, Permit Technician III, Permit Technician III, Plan Check Engineer, Planner II, Planner II, Planner II, Planner II, Planner III, Planning Services Manager, Recreation Leader, Senior Code Enforcement Officer, Senior Combination Bldg. Insp, Senior Combination Bldg. Insp, Senior Management Analyst, Senior Transpiration Coordinator, Supervising Building Inspector, Sustainability & Resilience Manager, Transportation Planning Manage",3670131.0,79020.0,Alameda
CIT.004,ALBANY,CITY,Community Development,,Yes,,13,"Associate Planner, Associate Planner, Associate Planner Intern, Associate Transportation Planner, Building Inspector II, Building Inspector II, Community Development Director, Community Development Technician, Intern, Intern, Management Analyst, Planning Manager, Planning Manager",1231468.0,20578.0,Alameda
CIT.005,ALHAMBRA,CITY,Community Development,Community Development - Temporary,Yes,,17,"Assistant Planner, Assistant Planner, Clerical Assistant II, Deputy Director Of Community Development, Director Of Community Development, Economic Development Specialist, Executive Assistant, Executive Assistant, Planning Technician, Principal Planner, Senior Planner, Senior Planner, Clerical Assistant I, Intern, Intern, Intern, Intern",1029435.0,82374.0,Los Angeles
CIT.006,ALISO VIEJO,CITY,Building,Planning,Yes,,5,"Permit Technician, Permit Technician, Assistant Planner, Director Of Community Development, Senior Planner",719986.0,50213.0,Orange
CIT.007,ALTURAS,CITY,,,Yes,Maybe part of Public Works,0,,,,
CIT.008,AMADOR,CITY,,,Yes,Does not have dedicated Building Department clearly,0,,,,
CIT.009,AMERICAN CANYON,CITY,Community Development,,Yes,,6,"Administrative Technician, Code Enforcement Officer, Community Development Director, Office Assistant, Permit Technician, Senior Planner",700544.0,22396.0,Napa
CIT.010,ANAHEIM,CITY,Planning,,Yes,,116,"Accountant, Accounting Technician, Accounting Technician, Administrative Assistant, Assistant Building Official, Assistant Planner, Associate Planner, Associate Planner, Associate Planner, Building Inspection Manager, Building Inspection Supervisor, Building Inspection Supervisor, Building Inspector I, Building Inspector II, Building Inspector II, Building Inspector II, Building Inspector II, Building Inspector II, Building Inspector II, Building Inspector III, Building Inspector III, Building Inspector III, Building Inspector III, Building Official, Code Enforcement Officer I, Code Enforcement Officer I, Code Enforcement Officer I, Code Enforcement Officer I, Code Enforcement Officer I, Code Enforcement Officer I, Code Enforcement Officer I, Code Enforcement Officer I, Code Enforcement Officer I, Code Enforcement Officer I, Code Enforcement Officer I, Code Enforcement Officer I, Code Enforcement Officer II, Code Enforcement Officer II, Code Enforcement Officer II, Code Enforcement Officer II, Code Enforcement Officer II, Code Enforcement Officer II, Code Enforcement Officer II, Code Enforcement Officer II, Code Enforcement Officer II, Code Enforcement Officer II, Code Enforcement Officer II, Code Enforcement Officer II, Community Preservation Supervisor, Community Preservation Supervisor, Community Preservation Supervisor, Departmental Records Coordinator, Licensing Specialist, Licensing Specialist, Licensing Specialist, Office Specialist II, Permit Counter Supervisor, Permit Technician I, Permit Technician I, Permit Technician II, Plan Check Coordinator I, Plan Check Coordinator II, Plan Check Coordinator II, Plan Check Coordinator II, Planner, Planning And Building Director, Plans Examiner I, Plans Examiner II, Plans Examiner II, Principal Planner, Principal Planner, Principal Planner, Principal Planner, PT Accounting Specialist, PT Code Enforcement Officer I, PT Code Enforcement Officer I, PT Code Enforcement Officer I, PT Code Enforcement Officer I, PT Code Enforcement Officer I, PT Code Enforcement Officer I, PT Code Enforcement Officer I, PT Code Enforcement Officer I, PT Code Enforcement Officer I, PT Code Enforcement Officer I, PT Code Enforcement Officer I, PT Code Enforcement Officer I, PT Code Enforcement Officer II, PT Intermediate Clerk, PT Intermediate Clerk, PT Intermediate Clerk, PT Licensing Specialist, PT Licensing Specialist, PT Management Assistant I, PT Management Assistant II, PT Permit Technician I, PT Permit Technician I, PT Permit Technician I, PT Permit Technician II, PT Planning Aide, PT Senior Planner, PT Senior Planner, Revenue And Licensing Supervisor, Senior Code Enforcement Officer, Senior Code Enforcement Officer, Senior Code Enforcement Officer, Senior Code Enforcement Officer, Senior Planner, Senior Planner, Senior Planner, Senior Planner, Senior Secretary, Senior Secretary, Senior Secretary, Senior Secretary, Sr Code Enforcement Officer, Staff Analyst",9287844.0,341773.0,Orange
CIT.011,ANDERSON,CITY,Building Division,Planning,Caveat,2 permit tech in planning and most in building department,5,,,,
CIT.012,ANGELS CAMP,CITY,Building,,Yes,,0,,,,
CIT.013,ANTIOCH,CITY,Community Development,,Yes,,25,"Administrative Analyst I, Assistant Community Dev Tech, Assistant Community Dev Tech, Assistant Community Dev Tech, Assistant Planner, Associate Community Dev Tech, Associate Community Dev Tech, Associate Planner, Building Inspection Services Mgr., Building Inspector I W/ Cert, Building Inspector I W/ Cert, Building Inspector II W/ Cert, Code Enforcement Manager, Code Enforcement Officer W/Cert, Code Enforcement Officer W/Cert, Code Enforcement Officer W/Cert, Code Enforcement Officer W/Cert, Code Enforcement Officer W/Cert, Code Enforcement Officer W/Cert, Comm Dev Tech Senior Lvl, Comm Dev Tech Senior Lvl, Planning Manager, Senior Bldg. Inspector W/ Cert, Senior Community Dev Tech, Senior Planner",2765662.0,116781.0,Contra Costa
CIT.015,ARCADIA,CITY,Development Services,,Yes,,31,"Admin Intern, Administrative Assistant, Administrative Assistant, Administrative Assistant, Assistant City Manager/Dsd Director, Assistant Engineer, Assistant Engineer, Assistant Planner, Associate Planner, Building Inspector, Building Official, Building Technician, Business License Officer, City Engineer, Code Service Officer, Code Services Supervisor, Deputy Development Services Director, Economic Development Manager, Management Analyst, Planning Svc Manager, Plans Examiner, Principal Civil Engineer, Senior Building Inspector, Senior Building Inspector, Senior Building Technician, Senior Code Services Officer, Senior Planner, Senior Planner, Sr Admin Asst, Sr Admin Asst, Transport Services Manager",3073056.0,56116.0,Los Angeles
CIT.016,ARCATA,CITY,Public Works Administration,,Yes,,19,"Administrative Aide, Administrative Specialist, Assistant City Engineer, Building Inspector, Building Inspector/Code Compliance Assistant, Building Official, City Engineer, Engineering Aide, Engineering Techncian I, Engineering Techncian I, Engineering Techncian II, Engineering Techncian II, Permit & Code Compliance Technician, Professional Expert, Professional Expert, Project and Grant Manager, Senior Project Manager, Senior Project Manager, Transit Operations Assistant",1029629.0,19001.0,Humboldt
CIT.017,ARROYO GRANDE,CITY,Community Development,,Yes,,9,"Assistant Planner, Associate Planner, Building Permit Technician, Comm Development Intern - Typist, Community Services Specialist, Director Of Comm Develop, Office Assistant I - CD Typist, Planning Manager, Planning/Engineering Permit Technician",718054.0,17910.0,San Luis Obispo
CIT.018,ARTESIA,CITY,Community Development,,Caveat,Contract out to LA County. See Link: https://dpw.lacounty.gov/bsd/content/contractcities.aspx,0,,,,
CIT.019,ARVIN,CITY,Building,,Yes,,4,"Building Inspector, Engineer, Permit Technician, Planner",293508.0,19991.0,Kern
CIT.020,ATASCADERO,CITY,Community Development,,Yes,,19,"Administrative Assistant - CD, Assistant Planner, Associate Planner, Building Inspector I, Building Inspector I, Building Inspector I, Chief Building Official, Community Development Director, Deputy Community Development Director/Building. Official/Economic Development, Deputy Economic & Business Development Director, Office Assistant III, Part-Time Worker 16-601, Part-Time Worker 16-601, Part-Time Worker 17, Part-Time Worker 29-601, Permit Technician, Permit Technician, Planning Manager, Senior Planner",1343007.0,30134.0,San Luis Obispo
CIT.022,ATWATER,CITY,Community Development,,Yes,,10,"Administrative Assistant I, Administrative Assistant I, Administrative Assistant II, Building Permit Technician, CDD Director, Chief Building Official/Fire Code Official, City Engineer, City Engineering Assistant, Executive Assistant, Project Accountant/Successor Agency Assistant",775464.0,31862.0,Merced
CIT.023,AUBURN,CITY,Building,,Yes,,4,"Building Inspector, Building Official, Permit Technician, Senior Building Inspector",233771.0,13286.0,Placer
CIT.024,AVALON,CITY,Planning,,Yes,,2,"Building Official, Senior Administrative Assistant",168327.0,3383.0,Los Angeles
CIT.025,AVENAL,CITY,Building Dept,Community Development,Yes,,3,"Building Assistant, Intern, Intern",49940.0,13315.0,Kings
CIT.026,AZUSA,CITY,Community Improvement,Building Regulations,Yes,1 inspector in the building regulations and the rest should be in community improvement,12,"Building Inspector I, Building Technician, Community Improvement Inspector, Community Improvement Inspector, Community Improvement Inspector, Community Improvement Inspector, Community Improvement Inspector, Community Improvement Manager, Economic & Comm Dev Director, Economic Development Specialist, Senior Admin Specialist, Sr Commun Improvement Insp",1077369.0,48988.0,Los Angeles
CIT.027,BAKERSFIELD,CITY,Community Development,,Yes,,137,"Accountant I, Admin & Fiscal Services Specialist I, Administrative Analyst III, Assistant Building Director, Assistant Code Enforcement Officer, Assistant Code Enforcement Officer, Assistant Code Enforcement Officer, Assistant Code Enforcement Officer, Assistant Planner, Assistant Planner, Assistant Planner, Assistant Planner, Assistant Planner, Assistant Planning Director, Assistant Planning Director, Associate Planner, Associate Planner, Associate Planner, Associate Planner, Associate Planner, Building Director, Building Inspector I, Building Inspector I, Building Inspector I, Building Inspector I, Building Inspector I, Building Inspector I, Building Inspector I, Building Inspector II, Building Inspector II, Building Inspector II, Building Inspector III, Building Inspector III, Building Inspector III - Electrical Specialist, Building Inspector III - Plumbing & Mech, Civil Engineer III, Civil Engineer III, Clerk Typist II, Clerk Typist II, Clerk Typist II, Code Enforcement Manager, Code Enforcement Officer I, Code Enforcement Officer I, Code Enforcement Officer I, Code Enforcement Officer I, Code Enforcement Officer I, Code Enforcement Officer I, Code Enforcement Officer I, Code Enforcement Officer I, Code Enforcement Officer I, Code Enforcement Officer I, Code Enforcement Officer I, Code Enforcement Officer I, Code Enforcement Officer II, Code Enforcement Officer II, Code Enforcement Officer II, Code Enforcement Officer II, Code Enforcement Officer II, Code Enforcement Officer II, Code Enforcement Officer II, Code Enforcement Officer II, Code Enforcement Officer II, Code Enforcement Officer II, Code Enforcement Officer II, Code Enforcement Officer II, Code Enforcement Officer II, Code Enforcement Officer II, Code Enforcement Supervisor, Code Enforcement Supervisor, Code Enforcement Supervisor, Code Enforcement Supervisor, Code Enforcement Supervisor, Community Development Principal, Development Services Director, Development Services Director, Development Services Tech, Development Services Tech, Development Services Tech, Development Services Tech, Development Services Tech, Development Services Tech, Development Services Tech, Development Services Tech, Economic & Community Development Director, Economic & Community Development Manager, Economic & Community Development Manager, Economic & Community Development Planner I, Economic & Community Development Planner I, Economic & Community Development Planner I, Economic & Community Development Planner II, Economic & Community Development Planner II, Economic & Community Development Planner II, Economic & Community Development Planner II, Economic & Community Development Planner II, Economic & Community Development Planner II, Economic & Community Development Planner II, Economic & Community Development Planner II, Economic & Community Development Planner II, Economic & Community Development Planner II, Economic & Community Development Principal Planner, Economic & Community Development Principal Planner, Economic & Community Development Specialist, Engineer II, Engineer II, Fiscal & Admin Services Officer I, Fiscal & Admin Services Officer II, Homeless Services Principal, Light Equipment Operator, Light Equipment Operator, Light Equipment Operator, Light Equipment Operator, Light Equipment Operator, Light Equipment Operator, Light Equipment Operator, Operations Support Specialist, Plan Checker-Electrical Specialist, Plan Checker-Plumbing & Mech Specialist, Plan Checker-Residential Specialist, Plan Checker-Residential Specialist, Plan Checker-Residential Specialist, Planning Director, Principal Planner, Principal Planner, Secretary I, Secretary I, Secretary II, Service Maintenance Worker, Service Maintenance Worker, Service Maintenance Worker, Service Maintenance Worker, Service Maintenance Worker, Service Maintenance Worker, Service Maintenance Worker, Service Maintenance Worker, Streets Maintenance Worker, Supervisor I, Supervisor II",9506456.0,419238.0,Kern
CIT.028,BALDWIN PARK,CITY,Community Development,,Yes,,34,"Administrative Clerk II, Associate Planner, Associate Planner, Building Inspector, Building Inspector, Building Official/ Plan Check Supervisor, Building/Engineering Permit Technician, City Planner, Commissioner, Commissioner, Commissioner, Commissioner, Commissioner, Community Enhancement Officer, Community Enhancement Officer, Community Enhancement Officer, Community Enhancement Supervisor, Construction Clerk, Construction Clerk, Director Of Community Development, Housing Inspector, Housing Manager, Housing Manager, Housing Programs Coordinator, Housing Specialist, Housing Specialist, Housing Specialist, Intern, Intern, Intern, Intern, Intern, Management Analyst, Senior Housing Specialist",1655608.0,70848.0,Los Angeles
CIT.029,BANNING,CITY,Building Safety/Building,,Caveat,Not in 2024 data but in previous years,3,,,,
CIT.030,BARSTOW,CITY,Community Development - Building,Community Development Admin,Yes,,13,"Code Compliance Officer, Code Compliance Officer, Code Compliance Officer, Code Compliance Officer, Code Compliance Supervisor, Community Devel Inspector I, Community Devel Inspector I, Community Development Director, Senior Community Devel Inspect, Senior Community Devel Inspect, Administrative Analyst, Administrative Assistant, Economic Development Specialist",1327385.0,24811.0,San Bernardino
CIT.031,BEAUMONT,CITY,Building And Safety,,Caveat,Not in 2024 data but in previous years,0,,,,
CIT.032,BELL,CITY,Community Development > Building & Safety,Community Development,Yes,Likely include other function ,10,"Assistant Planner, Assistant To The City Manager, Associate Planner, Community Development Director, Economic Development Specialist, Housing Rehabilitation Technician, Management Aide, Management Aide, Permit Technician, Sr Economic Development Specialist",697022.0,33315.0,Los Angeles
CIT.033,BELL GARDENS,CITY,Community Development > Building & Safety,Community Development,Yes,,13,"Associate Planner, Building Services Supervisor, Business License/Building Permit Technician, Business License/Building Permit Technician, Code Enforcement Officer, Code Enforcement Officer, Combination Building Inspector I, Deputy City Manager/Director Of Community Development, Housing Inspector/Code Enforcement Officer, Housing Programs Manager, Housing Specialist I, Office Assistant, Secretary",896499.0,38471.0,Los Angeles
CIT.034,BELLFLOWER,CITY,Public Safety,,Yes,,23,"Code Enforcement Inspector I, Code Enforcement Inspector II, Code Enforcement Inspector II, Code Enforcement Inspector II, Code Enforcement Supervisor, Community Services Officer I, Community Services Officer I, Community Services Officer I, Community Services Officer I, Community Services Officer I, Community Services Officer I, Community Services Officer I, Community Services Officer I, Community Services Officer I, Community Services Officer I, Community Services Officer II, Community Services Officer II, Community Services Officer II, Director Of Public Safety, Executive Assistant I, Executive Assistant III, Public Safety Manager, Senior Community Services Officer",1655684.0,76656.0,Los Angeles
CIT.035,BELMONT,CITY,Permit Center,,Yes,,7,"Assistant Planner, Associate Planner, Building Inspector I, Building Inspector I, Chief Building Official, Office Assistant II, Senior Permit Technician",629360.0,28206.0,San Mateo
CIT.036,BELVEDERE,CITY,Planning & Building,,Yes,,7,"Associate Planner, Building & Planning Technician, Building Inspector II, Building Official, Director Of Planning & Building, Intern, Intern",691832.0,2058.0,Marin
CIT.037,BENICIA,CITY,Community Development Department,,Yes,,13,"Assistant City Manager/Community Development Director, Assistant Planner, Associate Planner, Building Inspection Supervisor, Building Inspector I, Community Development Coordinator, Deputy Community Development Department Director/Building Official, Development Services Technician I, Development Services Technician II, Permit Services Specialist, Planning Manager, Senior Management Analyst, Senior Planner",1470757.0,26195.0,Solano
CIT.038,BERKELEY,CITY,Plan-Building & Safety - Building,,Yes,,13,"1220 Supervisor Building Inspector, 3000 Building Inspector I C, 3000 Building Inspector I C, 3000 Building Inspector I C, 3000 Building Inspector I C, 3000 Building Inspector I C, 3005 Building Inspector II C, 3005 Building Inspector II C, 3036 Senior Building Inspector, 3036 Senior Building Inspector, 3036 Senior Building Inspector, 9012 Assistant Inspector, 9016 Program Manager II",1445383.0,128348.0,Alameda
CIT.039,BEVERLY HILLS,CITY,CD - Building & Safety,,Yes,,29,"Building Inspection Manager, Building Inspector II, Building Inspector II, Building Inspector II, Building Inspector II, Code Enforcement Officer, Code Enforcement Officer, Code Enforcement Officer, Customer Service Representative, Customer Service Representative, Customer Service Representative, Customer Service Representative, Deputy Building Official, Development Services Technician II, Management Analyst, Permit Center Supervisor, Principal Planner, Project Staff Assistant, Project Staff Assistant, Senior Building Inspector, Senior Building Inspector, Senior Building Inspector, Senior Building Inspector, Senior Code Enforcement Officer, Senior Code Enforcement Officer, Senior Plan Review Engineer, Senior Plan Review Engineer, Senior Plan Review Engineer, Senior Plan Review Engineer",3671757.0,31945.0,Los Angeles
CIT.040,BIG BEAR LAKE,CITY,Development Services,,Caveat,"combined with many function, around 4 ppl",4,,,,
CIT.041,BIGGS,CITY,,,Caveat,No position in GCC,0,,,,
CIT.042,BISHOP,CITY,,,Caveat,No position in GCC,0,,,,
CIT.043,BLUE LAKE,CITY,Building,,Yes,,1,Building Official,20895.0,1136.0,Humboldt
CIT.044,BLYTHE,CITY,Development Services,,Yes,,5,"Chief Bldg. Inspector, Code Compliance Officer I, Code Compliance Officer II, Graffiti Control Technician, Permit Technician",316397.0,15400.0,Riverside
CIT.045,BRADBURY,CITY,,,Caveat,No position in GCC,0,,,,
CIT.046,BRAWLEY,CITY,Building Inspections,Community and Economic Development,Yes,,5,"Admin Secretary, Building Inspector, Building Inspector, Interim Building Official, Bookkeeper",308195.0,28952.0,Imperial
CIT.047,BREA,CITY,Community Development,,Yes,,25,"Administrative Clerk II, Administrative Clerk II, Administrative Clerk II, Administrative Intern, Administrative Intern, Assistant Planner, Assistant Planner, Assistant Planner, Building Official, City Planner, Code Enforcement Officer, Combination Inspector I, Community Development Manager, Community Development Specialist, Deputy City Manager/Director, Executive Assistant, Junior Plans Checker, Junior Plans Checker, Management Analyst I, Permit Technician, Permit Technician, Planning Technician, Senior Management Analyst, Senior Planner, Senior Planner",1854440.0,47900.0,Orange
CIT.048,BRENTWOOD,CITY,Community Development,,Yes,,32,"Administrative Assistant I, Administrative Assistant II, Administrative Assistant II, Administrative Secretary, Administrative Supervisor, Associate Planner, Associate Planner, Building Inspector II, Building Inspector II, Chief Building Official, Code Enforcement Officer II, Code Enforcement Officer II, Code Enforcement Officer II, Code Enforcement Supervisor, Community Development Specialist, Community Development Technician, Community Development Technician, Community Development Technician, Development Services Manager, Director Of Community Development, Planning Commission, Planning Commission, Planning Commission, Planning Commission, Planning Commission, Planning Manager, Senior Analyst, Senior Building Inspector, Senior Code Enforcement Officer, Senior Planner, Senior Planner, Senior Technician",2960078.0,65747.0,Contra Costa
CIT.049,BRISBANE,CITY,Planning,,Yes,,12,"Administrative Assistant, Administrative Assistant, Associate Planner, Building Permit Technician, Community Development Director, Community Development Technician, Planning Commissioner, Planning Commissioner, Planning Commissioner, Planning Commissioner, Principal Planner, Senior Planner",994244.0,4676.0,San Mateo
CIT.050,BUELLTON,CITY,Planning,,Yes,Likely include other function ,5,"Assistant Planner, Associate Planner, Planning Director, Planning Tech/Staff Assistant, Planning Tech/Staff Assistant",357326.0,5091.0,Santa Barbara
CIT.051,BUENA PARK,CITY,Community Development,,Yes,Likely include other function ,45,"Administrative Assistant, Assistant Planner, Assistant Planner, Assistant Planner, Associate Planner, Building & Safety Manager, Building Inspector, Building Inspector, Business License Tech  PT, Business License Tech  PT, CDBG Committee Commission, CDBG Committee Commission, CDBG Committee Commission, CDBG Committee Commission, CDBG Committee Commission, Code Enforcement Off PT, Code Enforcement Officer, Code Enforcement Officer, Code Enforcement Officer, Code Enforcement Supervisor, Director Of Community Development, Facilities Maintenance Worker PT, Facilities Maintenance Worker PT, Housing & CDBG Analyst, Management Analyst, Office Assistant PT, Office Assistant PT, Permit Technician, Permit Technician, Permit Technician, Planning Aide PERS Exclusion, Planning Commissioner, Planning Commissioner, Planning Commissioner, Planning Commissioner, Planning Commissioner, Planning Manager, Senior Administrative Assistant, Senior Administrative Assistant, Senior Building Insp/Plan Checker, Senior Management Analyst, Senior Office Assistant, Senior Planner, Senior Planner, Sustainability Manager",2675395.0,82667.0,Orange
CIT.052,BURBANK,CITY,Community Development Department,,Yes,,109,"Administrative Analyst I, Administrative Analyst I, Administrative Analyst I, Administrative Analyst II, Administrative Analyst II, Administrative Analyst II, Administrative Analyst II, Administrative Analyst II, Administrative Officer, Assistant Community Development Director - Business And Economic Development, Assistant Community Development Director-Building Official, Assistant Community Development Director-Transportation And Planning, Assistant Community Development Director-Transportation And Planning, Assistant Planner, Assistant Planner, Assistant Planner, Associate Planner, Associate Planner, Associate Planner, Associate Planner, Associate Planner, Associate Planner, Associate Transportation Planner, Building Administration Manager, Building Administration Manager, Building Inspection Manager, Building Inspector I, Building Inspector I, Building Inspector I, Building Inspector I, Building Inspector II, Building Inspector II, Building Inspector III, Building Inspector III, Building Inspector III, Building Inspector III, Building Inspector III, Clerical Worker, Clerical Worker, Clerical Worker, Clerical Worker, Clerical Worker, Clerical Worker, Clerical Worker, Code Compliance Inspector II, Code Compliance Inspector II, Code Compliance Manager, Code Compliance Manager, Community Development Director, Economic Development Manager, Executive Assistant, Housing Assistant, Housing Assistant, Housing Assistant, Housing Assistant, Housing Assistant, Housing Authority Manager, Housing Development Manager, Housing Development Manager, Housing Development Manager, Housing Specialist, Intermediate Clerk, Intermediate Clerk, Intermediate Clerk, Parking Analyst, Permit Coordinator, Permit Technician, Permit Technician, Permit Technician, Permit Technician, Permit Technician, Permit Technician, Plan Check Engineer, Plan Check Engineer, Plan Check Engineer, Plan Check Manager, Planning Manager, Planning Technician, Principal Clerk, Principal Plan Check Engineer, Principal Planner, Principal Planner, Principal Planner, Real Estate And Project Manager, Real Estate And Project Manager, Senior Administrative Analyst, Senior Administrative Analyst, Senior Administrative Analyst, Senior Administrative Analyst, Senior Clerk, Senior Code Compliance Inspector, Senior Plan Check Engineer, Senior Planner, Senior Planner, Senior Planner, Senior Transportation Planner, Senior Transportation Planner, Transportation Operations Supervisor, Transportation Scheduler, Transportation Scheduler, Transportation Services Driver, Transportation Services Driver, Transportation Services Driver, Transportation Services Driver, Transportation Services Driver, Transportation Services Driver, Transportation Services Driver, Transportation Services Driver, Transportation Services Manager",9826730.0,106146.0,Los Angeles
CIT.053,BURLINGAME,CITY,Building,,Yes,,11,"Building Inspector I, Building Inspector II, Building Inspector II, Chief Building Official, Management Analyst, Permit Technician, Permit Technician, Permit Technician, Senior Building Inspector, Senior Building Inspector, Sr Green Building Specialist",1225363.0,31552.0,San Mateo
CIT.054,CALABASAS,CITY,Building Inspection,,Yes,,8,"Building Assistant, Building Assistant, Building Inspector, Building Inspector, Building Official, Executive Assistant I, Permit Center Supervisor, Senior Building Inspector",751208.0,22797.0,Los Angeles
CIT.055,CALEXICO,CITY,Building & Code Enforcement,,Caveat,Not in 2024 data but in previous years,7,,,,
CIT.056,CALIFORNIA CITY,CITY,Building,,Yes,Likely +1 public safety director in Administration,2,"Administrative Secretary, Building Inspector",139449.0,13317.0,Kern
CIT.057,CALIMESA,CITY,Planning,,Yes,,3,"Planning Director, Planning Technician, Senior Planner",216372.0,10994.0,Riverside
CIT.058,CALIPATRIA,CITY,Planning,,Yes,,0,,,6061.0,Imperial
CIT.059,CALISTOGA,CITY,Planning,,Yes,,5,"Associate Planner, Permit Technician, Permit Technician, Planning & Building Director, Professional/Technical",396848.0,5160.0,Napa
CIT.060,CAMARILLO,CITY,,,Yes,,0,,,,
CIT.061,CAMPBELL,CITY,Community Development Building,,Yes,,7,"Building Inspector, Building Inspector, Building Official, Permit Technician, Permit Technician, Plan Check Examiner, Senior Building Inspector",881756.0,43281.0,Santa Clara
CIT.062,CANYON LAKE,CITY,Building And Safety,,Yes,,3,"Building Permit Technician I, Building Permit Technician II, Senior Building Inspector/Deputy Building Official",198232.0,11004.0,Riverside
CIT.063,CAPITOLA,CITY,Community Development,,Yes,,10,"Associate Planner, Building Official, Community Development Director, Development Services Technician, Planning Commission Member, Planning Commission Member, Planning Commission Member, Planning Commission Member, Retired Annuitant, Senior Planner",597536.0,9670.0,Santa Cruz
CIT.064,CARLSBAD,CITY,Cd Building & Code Enforcement,,Yes,,24,"Building Inspector II, Building Inspector II, Building Inspector II, Building Official, Building Technician II, Building Technician II, Building Technician II, Code Enforcement Manager, Code Enforcement Officer I, Code Enforcement Officer I, Code Enforcement Officer II, Code Enforcement Officer II, Code Enforcement Officer II, H/Admin. Assistant, H/Admin. Assistant, H/Admin. Assistant, H/Admin. Assistant, H/Professional, H/Professional, H/Professional, H/Technical Assistant, Senior Building Inspector, Senior Office Specialist, Sr Code Enforcement Officer",1384015.0,116368.0,San Diego
CIT.065,Carmel-By-The-Sea,CITY,BP Building,,Yes,,3,"AT - Building Official, L - Building Inspector, L - Permit Technician",336813.0,3049.0,Monterey
CIT.066,CARPINTERIA,CITY,Community Development,,Yes,,12,"Admin Assistant II, Assistant Planner - lieutenant, Associate Planner, Chief Building Inspector, Code Compliance Officer II, Code Compliance Supervisor, Community Development Director, Crossing Guard, Crossing Guard, Principal Planner - C, Principal Planner - lieutenant, Senior Planner",1061768.0,12735.0,Santa Barbara
CIT.067,CARSON,CITY,Community Development,,Caveat,Contract out to LA County. See Link: https://dpw.lacounty.gov/bsd/content/contractcities.aspx,0,,,,
CIT.068,CATHEDRAL,CITY,Building,,Yes,,0,,,,
CIT.069,CERES,CITY,Building,,Yes,(Hosted by  Stanislaus County??) ,1,Building Permit Technician,52657.0,49305.0,Stanislaus
CIT.070,CERRITOS,CITY,Comm Dev Director's Office,,Caveat,Contract out to LA County. See Link: https://dpw.lacounty.gov/bsd/content/contractcities.aspx,0,,,,
CIT.071,CHICO,CITY,Community Development - Building,,Yes,,20,"Administrative Assistant, Administrative Specialist, Administrative Specialist, Building Plans Examiner II, Code Enforcement Officer II, Code Enforcement Officer II, Code Enforcement Officer II, Code Enforcement Supervisor, Combination Inspector I, Combination Inspector II, Combination Inspector II, Combination Inspector II, Community Development Front Counter Supervisor, Deputy Community Development Director, Management Analyst, Permit Technician, Permit Technician, Senior Plans Examiner, Senior Plans Examiner, Supervising Inspector",1457670.0,113847.0,Butte
CIT.072,CHINO,CITY,Building Services,,Yes,,0,,,,
CIT.073,CHINO HILLS,CITY,Building Services,,Yes,,7,"Assistant Building Official, Building Inspector II, Building Official, Permit Technician II, Permit Technician II, Senior Building Inspector, Senior Permit Technician",801738.0,77314.0,San Bernardino
CIT.074,CHOWCHILLA,CITY,Community Dev Dept,,Yes,,5,"Community/Economic Development Director, Community/Economic Development Specialist, Permit Technician I, Project Permit Supervisor, Senior Building Inspector",311131.0,18742.0,Madera
CIT.075,CHULA VISTA,CITY,Development Services,,Yes,,87,"Assistant Director Of Development Services, Assistant Engineer, Assistant Engineer, Assistant Planner, Associate Engineer, Associate Engineer, Associate Engineer, Associate Engineer, Associate Plan Check Engineer, Associate Plan Check Engineer, Associate Plan Check Engineer, Associate Plan Check Engineer, Associate Planner, Associate Planner, Associate Planner, Associate Planner, Associate Planner, Associate Planner, Building Inspection Manager, Building Inspector I, Building Inspector I, Building Inspector II, Building Inspector II, Building Inspector II, Building Inspector III, Building Inspector III, Building Official, Code Enforcement Manager, Code Enforcement Officer II, Code Enforcement Officer II, Code Enforcement Officer II, Code Enforcement Officer II, Code Enforcement Officer II, Code Enforcement Officer II, Code Enforcement Officer II, Code Enforcement Officer II, Code Enforcement Officer II, Code Enforcement Officer II, Dep Director Of Development Services, Development Automation Spec, Development Project Manager, Development Services Counter M, Development Services Tech I, Development Services Tech I, Development Services Tech I, Development Services Tech I, Development Services Tech I, Development Services Tech I, Development Services Tech II, Development Services Tech II, Development Services Tech II, Development Services Tech III, Development Services Tech III, Development Services Tech III, Director Of Development Services, Fac Finance Manager, Landscape Architect, Landscape Architect, Landscape Inspector, Landscape Planner I, Landscape Planner I, Landscape Planner II, Management Analyst II, Office Specialist, Plan Check Supervisor, Plan Check Technician, Planning Manager, Principal Civil Engineer, Principal Landscape Architect, Principal Management Analyst, Principal Planner, Principal Planner, Senior Admin Secretary, Senior Building Inspector, Senior Civil Engineer, Senior Civil Engineer, Senior Code Enforcement Officer, Senior Code Enforcement Officer, Senior Fiscal Office Specialist, Senior Landscape Inspector, Senior Office Specialist, Senior Planner, Senior Planner, Senior Planner, Senior Planner, Senior Planner, Transportation Engr W Lic",7954651.0,281401.0,San Diego
CIT.076,CITRUS HEIGHTS,CITY,Community Development,,Yes,,14,"Administrative Assistant, Administrative Assistant, Assistant Planner, Building Inspector I, Building Inspector I, Chief Building Official, Community Development Director, Customer Service Rep, Development Services Tech II, Development Services Tech II, Housing & Human Services Program Coordinator, Plans Examiner, Senior Building Inspector, Senior Planner",1067780.0,86280.0,Sacramento
CIT.077,CLAREMONT,CITY,Community Development,,Yes,,33,"Administrative Assistant, Administrative Assistant, Administrative Assistant, Administrative Assistant, Administrative Assistant (Part Time), Administrative Intern, Assistant Engineer, Assistant Planner, Assistant Planner, Associate Civil Engineer, Associate Civil Engineer, Associate Civil Engineer, Associate Civil Engineer, Building Official, Building Permit Technician, City Engineer, Community Development Director, Community Improvement Coordinator, Community Improvement Coordinator, Community Improvement Officer, Intern, Intern, Intern, Intern, Intern, Planning Aide, Principal Planner, Public Works Inspector, Senior Administrative Assistant, Senior Building Inspector, Senior Management Analyst, Senior Planner, Senior Planner",1901978.0,37299.0,Los Angeles
CIT.078,CLAYTON,CITY,Community Development,,Yes,Some plans required approval by the City of Concord and they can be submitted via Contra Costa County Building Division.,2,"Community Development Director, Planning Assistant",160554.0,10743.0,Contra Costa
CIT.079,CLEARLAKE,CITY,Planning,,Yes,,5,"Associate Planner, Chief Building Inspector/Plans Examiner, Community Development Specialist, Construction/Project Manager, Senior Planner",240972.0,16533.0,Lake
CIT.080,CLOVERDALE,CITY,,,Yes,,0,,,,
CIT.081,CLOVIS,CITY,Planning And Development,,Yes,,69,"Assistant Planner, Associate Planner, Building Inspector, Building Inspector, Building Inspector, Building Inspector, Building Inspector, Building Official, Business Workflow Analyst, Business Workflow Specialist, City Engineer, City Planner, City Surveyor, Civil Engineer, Civil Engineer, Civil Engineer, Civil Engineer, Civil Engineer, Civil Engineer, Clerical Technician, Construction Manager, Deputy Building Official/Plan Checker, Director Of Planning-Development, Engineer I, Engineer I, Engineer I, Engineer II, Engineer II, Engineer II, Engineer II, Engineer II, Engineer II, Engineering Inspector, Engineering Inspector, Engineering Inspector, Engineering Inspector, Engineering Inspector, Engineering Inspector, Engineering Program Manager, Engineering Technician, Engineering Technician, GIS Analyst, GIS Technician, GIS Technician, GIS Technician - CT, Management Analyst, Management Analyst, Permit Technician, Permit Technician, Planning Commissioner, Planning Commissioner, Planning Commissioner, Planning Commissioner, Planning Commissioner, Planning Technician I, Planning Technician II, Planning/Development Administration Manager, Plans Examiner, Plans Examiner, Plans Examiner, Principal Office Assistant, Senior Engineering Inspector, Senior Engineering Inspector, Senior Planner, Senior Planner, Senior Planner, Staff Analyst, Supervising Civil Engineer, Supervising Civil Engineer",6622396.0,129121.0,Fresno
CIT.082,COACHELLA,CITY,Development Services,,Yes,,1,Community Development Director,248640.0,44384.0,Riverside
CIT.083,COALINGA,CITY,Administration,,Caveat,Only 1 Building Inspector,1,,,,
CIT.084,COLFAX,CITY,,,Yes,,0,,,,
CIT.085,COLMA,CITY,,,Yes,Does not see GCC match; also google shows a Town,0,,,,
CIT.086,COLTON,CITY,Development Services-Building,Development Services-Planning,Yes,,14,"Building Inspector I, Building Official, Business License Officer, Office Specialist I, Administrative Assistant, Assistant Planner, Assistant Planner, Associate Planner, Development Services Director, Development Services Director, Planning Manager, Plans Examiner II, Senior Office Specialist, Senior Planner",1111238.0,53278.0,San Bernardino
CIT.087,COLUSA,CITY,,,Yes,,0,,,,
CIT.088,COMMERCE,CITY,Public Works,,Yes,See only a few staff (1 permit technician),24,"Account Clerk, Assistant Planner, Assistant Water Polo Coach, Deputy Dir Of P.W. Operations, Environmental Coordinator, Human Resources Assistant, Management Analyst, Office Specialist I, Office Specialist II, Office Specialist II, Park Maintenance Worker, Park Maintenance Worker, Park Maintenance Worker, Park Maintenance Worker, Park Maintenance Worker, Park Maintenance Worker, Park Maintenance Worker, Park Maintenance Worker, Park Maintenance Worker, Park Maintenance Worker, Park Maintenance Worker, Permit Technician, Senior Park Maint. Crew Leader, Senior Park Maintenance. Crew Leader",1795423.0,12146.0,Los Angeles
CIT.089,COMPTON,CITY,Building & Safety,,Yes,,9,"Building And Permit Technician, Building And Permit Technician, Building Inspector I, Building Inspector II, Building Inspector, Senior, Chief Building Official, Office Assistant III, Senior Administrative Analyst, Senior Administrative Analyst",717932.0,93692.0,Los Angeles
CIT.090,CONCORD,CITY,Community Development,,Yes,,72,"Administrative Analyst, Administrative Clerk II, Administrative Clerk II, Administrative Clerk II, Administrative Coordinator, Administrative Coordinator, Administrative Secretary, Administrative Secretary, Assistant Engineer, Assistant Planner, Associate Civil Engineer, Associate Civil Engineer, Associate Civil Engineer, Associate Civil Engineer, Associate Civil Engineer, Associate Civil Engineer, Associate Civil Engineer, Associate Civil Engineer, Associate Planner, Associate Planner, Boards And Commissions, Boards And Commissions, Boards And Commissions, Boards And Commissions, Boards And Commissions, Boards And Commissions, Boards And Commissions, Boards And Commissions, Boards And Commissions, Building Inspection Supervisor, Building Inspector, Building Inspector, Building Inspector, Building Inspector, Building Inspector, Chief Building Official, City Engineer, Community Reuse Area Planner, Construction Inspection Supervisor, Construction Inspector, Construction Inspector, Construction Inspector, Director Of Community Development, Director Of Community Development, Housing & Community Services M, Housing & Community Services M, Housing Program Analyst, Internship, Internship, Internship, Ltd Ser-Professional*, Ltd Ser-Professional*, Ltd Ser-Technician*, Permit Center Technician I, Permit Center Technician I, Permit Center Technician II, Permit Center Technician III, Permit Center Technician III, Permit Center Technician III, Plan Check Engineer, Plan Check Engineer, Planning Manager, Planning Technician, Principal Planner, Principal Planner, Senior Administrative Analyst, Senior Building Inspector, Senior Building Inspector, Senior Building Inspector, Senior Civil Engineer, Senior Civil Engineer, Senior Planner",6788056.0,122650.0,Contra Costa
CIT.091,CORCORAN,CITY,Community Development,,Yes,,6,"Assistant Building Official, Building Inspector I, Code Enforcement Officer, Community Development Director, Planner I, Planning Technician",338795.0,21612.0,Kings
CIT.092,CORNING,CITY,Building,,Yes,,1,Building Official,105012.0,8268.0,Tehama
CIT.093,CORONA,CITY,Planning And Development,,Yes,,63,"Administrative Assistant, Administrative Assistant, Assistant Engineer, Assistant Planner, Assistant Planner, Assistant Planner, Assistant Planner, Associate Engineer, Associate Engineer, Associate Engineer, Associate Engineer, Associate Engineer, Associate Engineer, Building Inspection Supervisor, Building Inspector II Flex, Building Inspector II Flex, Building Inspector II Flex, Building Inspector II Flex, Building Inspector II Flex, Building Official, Building Permit Technician I Flex, Building Permit Technician I Flex, Building Permit Technician I Flex, Building Permit Technician II Flex, Building Permit Technician II Flex, Building Permit Technician II Flex, Building Permit Technician II Flex, Code Compliance Inspector I Flex, Code Compliance Inspector I Flex, Code Compliance Inspector I Flex, Code Compliance Inspector I Flex, Code Compliance Inspector I Flex, Code Compliance Inspector I Flex, Code Compliance Inspector I Flex, Code Compliance Inspector I Flex, Code Compliance Inspector II Flex, Code Compliance Supervisor, Combination Plans Examiner, Construction Manager, Development Services Manager, Executive Assistant, Extra Help, Lead Public Works Inspector, Plan Check Manager, Planning & Development Director, Planning Manager, Planning Technician, Planning Technician, Planning Technician, Public Works Permit Technician II Flex, Public Works Permit Technician II Flex, Public Works Permit Technician II Flex, Senior Administrative Assistant, Senior Building Permit Technician, Senior Code Compliance Inspector, Senior Code Compliance Inspector, Senior Engineer, Senior Engineer, Senior Planner, Senior Planner, Senior Public Works Inspector, Senior Public Works Inspector, Senior Public Works Permit Technician",4551136.0,159157.0,Riverside
CIT.094,CORONADO,CITY,Community Development,,Yes,,14,"Assistant Planner, Assistant Planner, Associate Planner, Associate Planner, Building Inspector I, Building Inspector II, Building Official, Community Development Technician, Community Development Technician, Community Development Technician, Department Administrative Coordinator, Director Of Comm Develop, Redevelopment/Housing Services, Principal Planner, Senior Planner",1325507.0,22610.0,San Diego
CIT.095,COSTA MESA,CITY,Development Services,,Yes,,58,"Administrative Assistant, Administrative Assistant-Temp, Assistant Planner, Assistant Planner, Assistant Planner, Assistant Planner, Associate Planner, Associate Planner, Asst Dev Services Dir - Temp, Asst Dev Services Director, Building Inspector I, Building Inspector I, Building Inspector II, Building Inspector II, Building Official, Building Technician II, Building Technician II, Building Technician II, Building Technician II, Chief Of Code Enforcement, Chief Of Inspection, Chief Plans Examiner, Code Enforcement Officer, Code Enforcement Officer, Code Enforcement Officer, Code Enforcement Officer, Code Enforcement Officer, Code Enforcement Officer, Code Enforcement Officer, Code Enforcement Officer, Code Enforcement Officer, Code Enforcement Officer, Code Enforcement Officer, Code Enforcement Officer II, Community Improvement Manager, Econ & Development Services Dir, Econ & Development Services Dir, Economic Development Administrator, Executive Assistant, Grant Administrator, Management Analyst, Permit Processing Specialist, Permit Processing Specialist, Permit Processing Specialist, Plan Check Engineer, Plan Check Engineer, Plan Check Engineer, Planning & Sustainable Dev Manager, Planning & Sustainable Dev Manager, Principal Planner, Principal Planner, Senior Combo Building Inspector, Senior Management Analyst, Senior Management Analyst, Senior Planner, Senior Planner, Senior Planner, Zoning Administrator- Temp",6300987.0,110321.0,Orange
CIT.096,COTATI,CITY,Community Development,,Yes,,4,"Associate Planner, Director Of Community Development, Permit Technician, Planning Technician",392505.0,7290.0,Sonoma
CIT.097,COVINA,CITY,Community Development Admin,Building inspection,Yes,,9,"Administrative Intern, Administrative Intern, City Resource Specialist, Management Analyst Trainee, Office Assistant II, Deputy Com Dv Dir & Building Off, Dir Comm Dev, Economic Development Manager, Management Analyst",683530.0,51090.0,Los Angeles
CIT.098,CRESCENT CITY,CITY,Public Works,,Caveat,,4,,,,
CIT.099,CUDAHY,CITY,Building,Community Services,Yes,,3,"Building Inspector, Public Works Director, Community Services Director",366075.0,22132.0,Los Angeles
CIT.100,CULVER CITY,CITY,Planning & Development Services,,Yes,,29,"Advance Planning Manager, Assistant Planner, Associate Analyst, Associate Planner, Associate Planner, Associate Planner, Building And Safety Inspector, Building And Safety Inspector, Building And Safety Inspector, Building And Safety Inspector, Building And Safety Inspector, Building Official, Clerk Typist, Current Planning Manager, Deputy Building Official, Permit Technician, Permit Technician II, Permit Technician II, Plan Check Engineer, Plan Check Engineer, Planning And Development Director, Planning Technician, Planning Technician, Planning Technician II, Secretary, Senior Management Analyst, Senior Planner, Senior Planner, Student Worker III",3105972.0,40403.0,Los Angeles
CIT.101,CUPERTINO,CITY,Building Administration,,Yes,,6,"Administrative Assistant, Deputy Building Official, Office Assistant, Plan Check Engineer, Plan Check Engineer, Senior Building Inspector",564143.0,59831.0,Santa Clara
CIT.102,CYPRESS,CITY,Public Works,,Caveat,"Part of public work, very challenging, so taking a guess…",4,,,,
CIT.103,DALY CITY,CITY,Ecd Building Department,,Yes,,10,"Building Inspector, Building Inspector, Building Inspector, Building Permit Technician, Building Plans Engineer, Chief Bldg. Supervisor/Bldg. Official, Code Enforcement Inspector, Code Enforcement Officer, Management Analyst, Office Assistant II",1044770.0,102155.0,San Mateo
CIT.104,DANA POINT,CITY,Community Development/Building,,Yes,,10,"Administrative Assistant, Administrative Intern, Administrative Intern, Building Inspector, Building Official, Building Official, Chief Building Inspector, Permit Technician, Senior Building Inspector, Senior Permit Technician",784997.0,32730.0,Orange
CIT.105,DAVIS,CITY,Community Development - Building Inspection,,Yes,,12,"Building Inspector I, Building Inspector II, Building Inspector II, Building Inspector II, Building Inspector II, Building Inspector II, Chief Building Official, Development Services Technician I, Development Services Technician I, Office Assistant II, Office Assistant II, Senior Building Inspector",885982.0,65423.0,Yolo
CIT.106,DEL MAR,CITY,Planning,,Yes,,12,"Assistant Planner I, Associate Planner, Associate Planner, Associate Planner, Associate Planner, Code Enforcement Officer II, Planning Management Analyst, Planning/Comm Develop Director, Principal Planner, Principal Planner, Senior Planner, Sr Management Analyst Ret. Annuitant",1293876.0,3950.0,San Diego
CIT.107,DEL REY OAKS,CITY,Administration,,Caveat,,1,,,,
CIT.108,DELANO,CITY,125 Planning,110 City Manager,Caveat,,4,,,,
CIT.109,DESERT HOT SPRINGS,CITY,Building & Safety,,Yes,,6,"Assistant Planner, Building Inspector, Building Inspector II, Counter & Permit Tech, Counter And Permit Tech II, Counter And Permit Tech II",302769.0,33262.0,Riverside
CIT.110,DIAMOND BAR,CITY,Community Development,,Caveat,Combined with other function in the same department,3,,,,
CIT.111,DINUBA,CITY,Public Works,,Yes,,34,"Administrative Assistant I, Building Inspector, Building Inspector/Code Enforcement Officer, Building Official, Business Manager, Clerical Assistant I, Code Enforcement Officer I, Fiscal Analyst I, Maintenance Worker I, Mechanic I, Meter Reader, Permit Technician, Public Works Director, Public Works Superintendent, Senior Code Enforcement Officer, Senior Mechanic, Sr Wastewater Treatment Plant Op, Streets Supervisor, Utilities Supervisor, Utility Worker I, Utility Worker I, Utility Worker I, Utility Worker I, Utility Worker I, Utility Worker I, Utility Worker I, Utility Worker I, Utility Worker I, Utility Worker I, Utility Worker I (TPT), Utility Worker II, Wastewater Treatment Pl. Op. II, Wastewater Treatment Pl. Op. II, Water Systems Supervisor",1823266.0,26025.0,Tulare
CIT.112,DIXON,CITY,Community Development,,Yes,,9,"Administrative Clerk I, Associate Planner, Associate Planner, Building Inspector I, Building Inspector II, Chief Building Official, Community Development Director, Economic Development  And Grants Manager, Permit Technician II",726818.0,20174.0,Solano
CIT.113,DORRIS,CITY,,,Caveat,Does not show any position related to building division,0,,,,
CIT.114,DOS PALOS,CITY,Administration,,Caveat,Mixed with other functions,2,,,,
CIT.115,DOWNEY,CITY,Building & Safety,,Yes,,7,"Building Inspector, Building Inspector, Building Official, Building Permit Technician, Building Permit Technician, Principal Building Inspector, Senior Building Permit Technician",478949.0,111871.0,Los Angeles
CIT.116,DUARTE,CITY,Community Development,,Yes,Likely also include other functions,18,"Administrative Secretary, Administrative Secretary, Administrative Secretary, Assistant Civil Engineer, Assistant Civil Engineer, Associate Planner, Associate Planner, Building Permit Technician, Director Of Community Development, Field Services Manager, Maintenance Technician, Maintenance Technician, Maintenance Technician, Maintenance Technician, Planning Manager, Public Works Manager, Senior Maintenance Technician, Senior Maintenance Technician",1382643.0,23746.0,Los Angeles
CIT.117,DUBLIN,CITY,Building,,Yes,,1,Chief Building Official,230967.0,74691.0,Alameda
CIT.118,DUNSMUIR,CITY,Public Safety,,Yes,,1,Resilience Specialist,92592.0,1628.0,Siskiyou
CIT.119,EAST PALO ALTO,CITY,Building,,Yes,,7,"Building Inspector I/II, Building Inspector I/II, Building Inspector I/II, Building Permit Technician, Building Permit Technician, Neighborhood Pres Off I/II, Neighborhood Pres Off I/II",484035.0,29133.0,San Mateo
CIT.120,EASTVALE,CITY,Building,,Yes,,6,"Building Inspector I, Building Official, Lead Building Inspector, Lead Permit Technician, Permit Specialist, Permit Technician",562040.0,69799.0,Riverside
CIT.121,EL CAJON,CITY,Community Development Building,,Yes,,6,"Building & Fire Inspector, Building Official, Customer Service Rep, Customer Service Rep, Customer Service Rep, Plans Examiner",364568.0,104932.0,San Diego
CIT.122,EL CENTRO,CITY,Building Regulation,,Yes,,7,"Assistant Director Of Community Development, Building Inspector, Code Enforcement Officer I - Temp, Code Enforcement Officer II, Permit Center Technician, Secretarial Assistant, Secretarial Assistant - PT",401910.0,46007.0,Imperial
CIT.123,EL CERRITO,CITY,Community Development Admin,,Yes,Likely also include other functions,4,"Administrative Assistant II, Community Development Director, Senior Program Manager, Senior Program Manager",527506.0,25862.0,Contra Costa
CIT.124,EL MONTE,CITY,Building And Safety,,Yes,,3,"Administrative Assistant, Chief Building Official, Senior Permit Technician",236877.0,107986.0,Los Angeles
CIT.125,EL SEGUNDO,CITY,Building Safety,,Yes,,8,"Building Insp II, Building Inspector I, Building Inspector I, Building Official, License Permit Specialist I, Plan Check Engineer, Plan Check Engineer, Senior Building Inspector",500697.0,16983.0,Los Angeles
CIT.126,ELK GROVE,CITY,Development Services,,Yes,,33,"Administrative Assistant I, Administrative Assistant II, Administrative Assistant II, Assistant Development Services Director, Associate Planner, Code Enforcement Manager, Code Enforcement Officer I, Code Enforcement Officer I, Code Enforcement Officer I, Code Enforcement Officer I, Code Enforcement Officer I, Code Enforcement Officer II, Code Enforcement Officer II, Code Enforcement Officer II, Development Services Director, Development Services Director, Homeless Services Navigator, Homeless Services Navigator, Homeless Services Navigator, Housing & Public Service Manager, Management Analyst I, Management Analyst II, Management Analyst II, Permit Processing Coordinator, Permit Processing Coordinator, Planning Manager, Sr. Accounting Technician, Sr. Administrative Assistant, Sr. Code Enforcement Officer, Sr. Management Analyst, Sr. Planner, Sr. Planner, Temp Administrative Analyst I",2939661.0,182842.0,Sacramento
CIT.127,EMERYVILLE,CITY,Building,,Yes,,3,"Bldg. Permit Tech/Plan Chk, Chief Bldg./Fire Code Office, Code Enforcement Officer",467276.0,13471.0,Alameda
CIT.128,ENCINITAS,CITY,Development Services Planning,,Yes,,48,"Assistant Director Of Development Services, Code Enforcement Officer III, Code Enforcement Officer III, Code Enforcement Officer III, Contract Intern, Contract Program Assistant I, Department Administrative Support Coordinator, Development Services Director, Engineer I, Engineering Specialist III, Finance Manager II, Homeless Solutions Coordinator, Homeless Solutions Coordinator, Housing Services Manager, Lead Inspector, Management Analyst I, Management Analyst I, Management Analyst I, Management Analyst I, Management Analyst II, Planner III, Planner III, Planner III, Planner III, Planner III, Planner IV, Planner IV, Planner IV, Planner IV, Planner IV, Planner IV, Planning Manager, Planning Manager, Principal Engineer, Principal Planner, Program Administrator, Program Administrator, Program Assistant II, Program Assistant II, Program Assistant III, Program Assistant III, Program Coordinator, Program Coordinator, Senior Planner And Mobility Coordinator, Senior Planner I, Senior Planner I, Senior Planner I, Sustainability Manager",4945957.0,61956.0,San Diego
CIT.129,ESCALON,CITY,City Hall,,Caveat,Possible third party? Do not see any position that can possibly match,0,,,,
CIT.130,ESCONDIDO,CITY,Building,,Yes,,14,"Assistant Building Official, Building Inspection Sup, Building Inspector II, Building Inspector II, Building Inspector II, Building Inspector II, Building Official, Building Permit Tech II, Building Permit Tech III, Department Specialist, Department Specialist, Dept Spec/Sr Admin Assistant (Uct), Plans Examiner I, Sr Administrative Assistant (Uct)",782022.0,150425.0,San Diego
CIT.131,ETNA,CITY,,,Caveat,All building permits go to Siskiyou County,0,,,,
CIT.132,EUREKA,CITY,Development Services,,Yes,,8,"Admin Tech II - ECEA, Assistant Planner, COB, Deputy DS Director, Development Services Director, General Clerk Training, Senior Planner, Senior Planner- Temp.",579420.0,26122.0,Humboldt
CIT.133,EXETER,CITY,,,Caveat,Website has no information on building permit,0,,,,
CIT.134,FAIRFIELD,CITY,Community Development,,Yes,,28,"Administrative Assistant, Administrative Assistant, Assistant Planner, Assistant To The City Manager, Associate Civil Engineer, Associate Planner, Building Inspector I, Building Inspector II, Building Inspector II, Building Inspector Senior, Building Permit Technician I, Building Permit Technician I, Building Permit Technician II, Building Permit Technician Senior, Building Permit Technician Senior, Building Plans Examiner, Chief Building Official, Director Of Community Development, Economic Development Division Manager, Economic Development Project Manager, Management Analyst I, Permit Center Supervisor, Permit Center Supervisor, Planner Senior, Planner Senior, Planning Division Manager, Principal Planner, Real Estate Specialist II",2969900.0,120720.0,Solano
CIT.135,FARMERSVILLE,CITY,Community Development,,Caveat,Not found in GCC; confirm from https://www.cityoffarmersville-ca.gov/Directory.aspx?did=12,2,,,,
CIT.136,FERNDALE,CITY,,,Caveat,Use third party,0,,,,
CIT.137,FILLMORE,CITY,Building And Safety,Planning Department,Yes,,5,"Building Inspector/Code Enforcement, Assistant Planning And Community Development Director, Building & Safety Technician, Planning And Community Development Director, Planning Technician",514998.0,17035.0,Ventura
CIT.138,FIREBAUGH,CITY,Administration,,Caveat,,1,,,,
CIT.139,FOLSOM,CITY,CD - Building,CD - Engineering,Yes,,19,"Building Inspector II M55, Building Inspector II M55, Building Inspector Supervisor T86, Building Plan Checker II M55, Building Plans Coordinator M51, Building Technician II M45, Building Technician II M45, Building Technician II M45, Principal Civil Engineer T98, Principal Civil Engineer T98, Assistant Civil Engineer M58, Assistant Civil Engineer M58, City Engineer T17, P/T Arborist, P/T Arborist, Senior Civil Engineer T95, Senior Civil Engineer T95, Senior Construction Inspector M55, Urban Forester T84",1590815.0,92577.0,Sacramento
CIT.140,FONTANA,CITY,Building And Safety,,Yes,,23,"Administrative Clerk I-Ch, Assistant Building Official, Building Inspector I, Building Inspector II, Building Inspector II, Building Inspector II, Building Inspector II, Building Inspector II, Building Inspector II, Building Permit Technician, Building Permit Technician, Building Permit Technician, Dev Services Permit Aide, Dev Services Permit Aide, Dev Services Permit Aide, Development Services Supervisor, Development Services Supervisor, Director Of Building & Safety, Plans Examiner I, Plans Examiner II, Senior Building Inspector, Senior Plans Examiner, Senior Plans Examiner",1681256.0,219172.0,San Bernardino
CIT.141,FORT BRAGG,CITY,Community Development,,Yes,,4,"Admin Assistant, Assistant Planner, Asst Planner Code Enf Pt, CDD Director",226082.0,7187.0,Mendocino
CIT.142,FORT JONES,CITY,Administration,,Caveat,Building permits goes to the planning commission,0,,,,
CIT.143,FORTUNA,CITY,Community Development,,Yes,,4,"Building Inspector, Building Official, Community  Development Director, Planner II",313994.0,12198.0,Humboldt
CIT.144,FOSTER CITY,CITY,Community Development,,Yes,,20,"Administrative Assistant I, Administrative Assistant I, Administrative Assistant I, Assistant Planner, Building Inspector, Building Permit Technician I, Building Permit Technician I, Building Permit Technician II, Chief Building Official, Code Enforcement Officer II, Community Development Director, Housing Coordinator, Planning Manager, Planning Manager, Plans Examiner, Senior  Building  Inspector, Senior Management Analyst, Senior Management Analyst, Senior Planner, Senior Planner",2277083.0,32658.0,San Mateo
CIT.145,FOUNTAIN VALLEY,CITY,Community Development,,Yes,,15,"Admin Assistant, Associate Planner, Building Inspector, Building Inspector, Building Official, Code Enforcement Officer, Community Development Director/Deputy City Manager, Housing Coordinator, Housing Technician, Lead Code Enforcement Officer, Management Analyst, Permit Technician, Permit Technician, Principal Planner, Senior Planner",1657391.0,56560.0,Orange
CIT.146,FOWLER,CITY,Building,,Yes,,3,"Building Official, Community & Development Director, Projects & Administrator",252757.0,7667.0,Fresno
CIT.147,FREMONT,CITY,Community Development,,Caveat,Not in 2024 data; found number on website https://www.fremont.gov/government/departments/building-safety/building-safety-staff,36,,,,
CIT.148,FRESNO,CITY,Planning & Development Department,,Yes,,225,"Accountant-Auditor I, Accountant-Auditor II, Accountant-Auditor II, Accountant-Auditor II, Accounting Technician, Administrative Clerk II, Administrative Clerk II, Administrative Clerk II, Architect, Architect, Architect, Assistant Director, Assistant Director, Associate Electrical Safety Consultant I, Associate Environmental & Safety Consultant I, Associate Environmental & Safety Consultant I, Associate Environmental & Safety Consultant I, Associate Environmental & Safety Consultant II, Associate Plumbing & Mechanical Consultant I, Associate Plumbing & Mechanical Consultant II, Building Inspector II, Building Inspector II, Building Inspector II, Building Inspector II, Building Inspector II, Building Inspector II, Building Inspector II, Building Inspector II, Building Inspector II, Building Inspector II, Building Inspector III, Building Inspector III, Building Services Manager, Business Manager, Business Manager, Business Manager, Business Manager, Commercial Building Inspector, Commercial Building Inspector, Commercial Building Inspector, Community Coordinator, Community Revitalization Specialist, Community Revitalization Specialist, Community Revitalization Specialist, Community Revitalization Specialist, Community Revitalization Specialist, Community Revitalization Specialist, Community Revitalization Specialist, Community Revitalization Specialist, Development Services Coordinator, Director Of Development, Division Manager, Engineer I, Engineer II, Engineer II, Engineer II, Engineer II, Engineer II, Executive Assistant To Department Director, Executive Assistant To Department Director, Graphics Technician, Historic Preservation Specialist, Housing & Neighborhood Revitalization Manager, Housing & Neighborhood Revitalization Manager, Housing & Neighborhood Revitalization Manager, Housing & Neighborhood Revitalization Manager, Housing & Neighborhood Revitalization Manager, Housing & Neighborhood Revitalization Manager, Housing Program Supervisor, Housing Program Supervisor, Housing Program Supervisor, Housing Program Supervisor, Housing Rehabilitation Specialist, Housing Rehabilitation Specialist, Housing Rehabilitation Specialist, Licensed Engineer Manager, Licensed Professional Engineer, Licensed Professional Engineer, Management Analyst I, Management Analyst I, Management Analyst II, Management Analyst II, Management Analyst II, Management Analyst II, Parking Enforcement Officer I, Parking Enforcement Officer I, Parking Enforcement Officer I, Parking Enforcement Officer II, Parking Enforcement Officer II, Parking Enforcement Officer II, Parking Enforcement Officer II, Parking Enforcement Officer II, Parking Enforcement Officer II, Parking Enforcement Officer II, Parking Enforcement Officer II, Parking Enforcement Officer II, Parking Enforcement Officer II, Parking Enforcement Officer III, Parking Enforcement Officer III, Parking Meter Attendant II, Parking Meter Attendant II, Parking Meter Attendant II, Parking Meter Attendant III, Parking Supervisor, Parking Supervisor, Personnel Manager, Planner I, Planner II, Planner II, Planner II, Planner II, Planner II, Planner II, Planner II, Planner II, Planner II, Planner II, Planner II, Planner II, Planner II, Planner II, Planner III, Planner III, Planner III, Planner III, Planner III, Planning Commissioner, Planning Commissioner, Planning Commissioner, Planning Commissioner, Planning Commissioner, Planning Commissioner, Planning Commissioner, Planning Commissioner, Planning Manager, Planning Manager, Planning Manager, Plans And Permit Technician, Plans And Permit Technician, Plans And Permit Technician, Plans And Permit Technician, Plans And Permit Technician, Plans And Permit Technician, Plans Examiner, Plans Examiner, Plans Examiner, Plans Examiner, Plans Examiner, Project Liaison/Program Administrator, Project Liaison/Program Administrator, Project Liaison/Program Administrator, Project Manager, Project Manager, Project Manager, Project Manager, Project Manager, Projects Administrator, Real Estate Finance Specialist II, Real Estate Finance Specialist II, Records Supervisor, Senior Accountant-Auditor, Senior Administrative Clerk, Senior Administrative Clerk, Senior Administrative Clerk, Senior Administrative Clerk, Senior Building Inspector, Senior Commercial Building Inspector, Senior Community Revitalization Specialist, Senior Community Revitalization Specialist, Senior Community Revitalization Specialist, Senior Community Revitalization Specialist, Senior Customer Services Clerk, Senior Customer Services Clerk, Senior Customer Services Clerk, Senior Environmental & Safety Consultant, Senior Management Analyst, Senior Management Analyst, Senior Management Analyst, Senior Management Analyst, Senior Management Analyst, Senior Management Analyst, Senior Management Analyst, Senior Management Analyst, Senior Management Analyst, Senior Management Analyst, Senior Management Analyst, Senior Management Analyst, Senior Plans Examiner, Senior Plans Examiner, Senior Plans Examiner, Senior Plumbing & Mechanical Consultant, Senior Real Estate Agent, Senior Records Clerk, Senior Records Clerk, Senior Records Clerk, Services Aide, Staff Assistant, Staff Assistant, Supervising Commercial Building Inspector, Supervising Planner, Supervising Planner, Supervising Planner, Supervising Planner, Supervising Planner, Supervising Planner, Supervising Plans Examiner, Supervising Plans Examiner, Supervising Plans Examiner, Yjcp Participant, Yjcp Participant, Yjcp Participant, Yjcp Participant, Yjcp Participant, Yjcp Participant, Yjcp Participant, Yjcp Participant, Yjcp Participant, Yjcp Participant, Yjcp Participant, Yjcp Participant, Yjcp Participant, Yjcp Participant, Yjcp Participant, Yjcp Participant, Yjcp Participant",15547470.0,557032.0,Fresno
CIT.149,FULLERTON,CITY,Community & Econ Development,,Caveat,"Cannot find in GCC, about 40 from transparent CA",32,,,,
CIT.150,GALT,CITY,Building,,Yes,,7,"Building Official, Building Official, Code Compliance Supervisor, Office Assistant II (Pt), Permit Technician I, Project Mgmt. Spec (Pt), Senior Building Inspector",359899.0,26092.0,Sacramento
CIT.151,GARDEN GROVE,CITY,Community Development,,Yes,,33,"Admin Analyst, Administrative Aide, Administrative Aide, Associate Planner, Associate Planner, Building Inspector, Building Inspector, Building Inspector, Clerical Assistant, Clerical Assistant, Code Enforcement Officer, Code Enforcement Officer, Code Enforcement Officer, Code Enforcement Officer, Code Enforcement Officer, Code Enforcement Officer, Code Enforcement Supervisor, Community Development Director, Department Secretary, Deputy Director, Division Manager, Office Assistant, Parking Control Specialist, Permit Center Supervisor, Permit Technician, Permit Technician, Planner, Planning Services Manager, Plans Examiner, Senior Building Inspector, Senior Code Enforcement Officer, Senior Planner, Senior Planner",3019226.0,171492.0,Orange
CIT.152,GARDENA,CITY,Community Development,,Caveat,Really combined with other functions,9,,,,
CIT.153,GILROY,CITY,Community Development Building Life Env Safety,,Yes,,14,"4120 Building Official, 4121 Fire Marshal (Non-Safety), 8403 Supervisor Code Enforcement Officer, 8517 Matz Material Inspector I, 8517 Matz Material Inspector I, 8520 Building Inspector I, 8520 Building Inspector I, 8520 Building Inspector I, 8522 Sr Matz Material Inspector, 8523 Permit Technician, 8523 Permit Technician, 8523 Permit Technician, 8526 Code Enforcement Officer, 8526 Code Enforcement Officer",1595409.0,62205.0,Santa Clara
CIT.154,GLENDALE,CITY,Community Development,,Yes,,152,"Administrative Analyst, Administrative Associate, Administrative Associate, Administrative Intern, Administrative Intern, Administrative Intern, Administrative Intern, Administrative Intern, Administrative Officer Cdd, Administrative Specialist I Cdd, Administrative Specialist II Cdd, Assoc Code Compliance Insp, Assoc Code Compliance Insp, Assoc Permit Services Tech, Assoc Permit Services Tech, Assoc Permit Services Tech, Assoc Permit Services Tech, Assoc Permit Services Tech, Assoc Permit Services Tech, Asst Code Compliance Inspector, Asst Code Compliance Inspector, Asst Code Compliance Inspector, Asst Dir Of Cmty Development, Building Code Specialist I, Building Code Specialist III, Building Code Specialist III, Building Code Specialist III, Building Code Specialist III, Building Code Specialist III, Building Official, City Resource Specialist, Code Compliance Inspector, Code Compliance Inspector, Code Compliance Inspector, Code Compliance Inspector, Code Compliance Inspector, Community Outreach Assistant, Community Outreach Associate, Customer Svc Rep, Customer Svc Rep, Customer Svc Rep, Customer Svc Rep, Customer Svc Rep, Customer Svc Rep, Customer Svc Rep, Deputy Building Official, Deputy Dir Of Cmty Development, Deputy Dir Of Cmty Development, Deputy Dir Of Cmty Development, Deputy Dir Of Cmty Development, Deputy Dir Of Cmty Development, Deputy Dir Of Cmty Development, Development Officer, Dir Of Community Development, Economic Development Coord, Economic Development Coord, Executive Assistant, Executive Assistant, Executive Secretary (Steno), Hourly City Worker, Hourly City Worker, Hourly City Worker, Hourly City Worker, Hourly City Worker, Hourly City Worker, Hourly City Worker, Hourly City Worker, Hourly City Worker, Hourly City Worker, Hourly City Worker, Hourly City Worker, Hourly City Worker, Hourly City Worker, Hourly City Worker, Housing Advisor, Housing Advisor, Housing Advisor, Housing Advisor, Housing Advisor, Housing Advisor, Housing Advisor, Housing Advisor, Housing Advisor, Housing Applications Manager, Housing Associate, Housing Associate, Housing Associate, Housing Coordinator, Housing Supervisor, Housing Supervisor, Housing Technician, Housing Technician, Housing Technician, Inspector I, Inspector I, Inspector I, Inspector I, Inspector I, Inspector II, Inspector II, Inspector II, Inspector II, Inspector II, Inspector II, Inspector II, Inspector II, Permit Services Administrator, Permit Services Technician, Permit Services Technician, Permit Services Technician, Planner, Planner, Planner, Planner, Planner, Planner, Planner, Planning Associate, Planning Associate, Planning Associate, Planning Associate, Principal Building Code Spec, Principal Development Officer, Principal Economic Dev Officer, Principal Housing Supervisor, Principal Inspection Supervisor, Principal Planner, Principal Planner, Principal Planner, Principal Planner, Principal Planner, Sr Administrative Officer, Sr Administrative Specialist Cdd, Sr Code Compliance Inspector, Sr Code Compliance Inspector, Sr Economic Dev Coordinator, Sr Housing Advisor, Sr Housing Analyst, Sr Housing Project Manager, Sr Housing Project Manager, Sr Inspector, Sr Inspector, Sr Inspector, Sr Office Services Specialist, Sr Permit Services Technician, Sr Planner, Sr Planner, Sr Planner, Sr Planner, Sr Planner, Sr Planner, Sr Planner",12301880.0,192212.0,Los Angeles
CIT.155,GLENDORA,CITY,Community Development,,Yes,,0,,,,
CIT.156,GOLETA,CITY,Planning Environmental Review,,Yes,"Likely also include other functions; estimated, seems to lack engineering team",23,"Assistant Planner, Associate Planner, Associate Planner, Associate Planner, Code Compliance Officer, Code Compliance Officer, Intern, Intern II, Management Analyst, Management Assistant, Office Specialist, Permit Technician, Planning And Environmental Review Director, Planning Commission Clerk, Planning Manager, Planning Manager, Senior Housing Analyst, Senior Planner, Senior Planner, Supervising Planner, Supervising Planner, Supervising Planner, Sustainability Manager",2770925.0,32747.0,Santa Barbara
CIT.157,GONZALES,CITY,Planning,,Yes,,7,"Community Development Director, Development Services Technician, Planning Commissioner, Planning Commissioner, Planning Commissioner, Planning Commissioner, Planning Commissioner",199966.0,8434.0,Monterey
CIT.158,GRAND TERRACE,CITY,Planning & Development,,Yes,,8,"Assistant Planner, Assistant Planner, Building Official, Code Enforcement Officer/Animal Control, Code Enforcement Officer/Animal Control, Permit Technician, Planning & Development Director, Senior Code Enforcement Officer/Animal Control",538223.0,12803.0,San Bernardino
CIT.159,GRASS VALLEY,CITY,Community Development,,Yes,,9,"Building Official, City Planner, Community Service Analyst I, Community Service Analyst I, Community Service Analyst II, Dep Public Works Dir, Maintenance Assistant, Senior Planner, Special Assignment Temp",615681.0,13364.0,Nevada
CIT.160,GREENFIELD,CITY,Community Development,,Yes,,5,"Assistant Planner, Community Development Director, Management Analyst, Planning & Building Permit Technician, Planning & Building Permit Technician",444530.0,20785.0,Monterey
CIT.161,GRIDLEY,CITY,,,Caveat,Performed by DSD of Butte County,0,,,,
CIT.162,GROVER BEACH,CITY,Community Development,,Yes,,6,"Administrative Assistant I PW/CD, Assistant Planner, Associate Planner, Code Compliance Off, Community Development Director, Senior Planner",504429.0,12411.0,San Luis Obispo
CIT.163,GUADALUPE,CITY,Planner/Building Department,,Yes,,1,Permit & Planning Tech,82825.0,8851.0,Santa Barbara
CIT.164,GUSTINE,CITY,,,Yes,Third party out to csgengr.com,0,,,,
CIT.165,HALF MOON BAY,CITY,Community Development,,Yes,Likely includes other function,6,"Communications Director/City Clerk, Community Development Director, Community Development Director, Community Preservation Specialist, Housing Coordinator, Permit Technician",821461.0,11303.0,San Mateo
CIT.166,HANFORD,CITY,Community Development - Building Safety,,Yes,,11,"Administrative Analyst I, Building Inspector I, Building Inspector II, Building Inspector II, Building Inspector II, Building Inspector II, Building Official, Development Services Assistant, Development Services Technician, Development Services Technician, Development Services Technician",729410.0,61238.0,Kings
CIT.167,HAWAIIAN GARDENS,CITY,Planning/Community Development,,Yes,Likely includes other function,5,"Administrative Technician, Associate Planner II, Director Community Development, Housing Rehabilitation Supervisor, Housing Technician II",432865.0,13561.0,Los Angeles
CIT.168,HAWTHORNE,CITY,Building & Safety,,Yes,,7,"5135 Associate Building Inspector, 5135 Associate Building Inspector, 5150 Building Permit Technician, 5283 Com Services-Public Works Tech, 5930 Senior Building Inspector, 5940 Senior Engineer, 8671 Building Inspector Pt Pers",386637.0,85653.0,Los Angeles
CIT.169,HAYWARD,CITY,Development Services,,Yes,,60,"Administrative Clerk II, Administrative Clerk II, Administrative Secretary, Assist Civil Engineer, Assistant Planner, Assistant Planner, Assistant Planner, Associate Planner, Building Inspector, Building Inspector, Building Inspector, Building Inspector, Building Inspector, City Building Official, Code Enforcement Inspector I, Code Enforcement Inspector II, Code Enforcement Inspector II, Code Enforcement Inspector II, Code Enforcement Inspector II, Code Enforcement Inspector II, Code Enforcement Manager, Community Programs Specialist, Dep Dir Of Dev Services, Director Of Development Svcs, Housing Development Specialist, Landscape Architect, Landscape Architect, Landscape Architect, Management Analyst I, Management Analyst II, Management Analyst II, Permit Technician I, Permit Technician I, Permit Technician II, Permit Technician II, Plan Checker, Plan Checking Engineer, Planning Manager, Principal Planner, Secretary, Secretary, Secretary, Senior Civil Engineer, Senior Permit Technician, Senior Plan Checker, Senior Planner, Senior Planner, Senior Planner, Senior Secretary, Senior Secretary, Senior Secretary, Sr Bldg. Inspector/Electrical, Sr Bldg. Inspector/Plum-Mech, Sr Bldg. Inspector/Structural, Sr Code Enforcement Inspector, Sr Code Enforcement Inspector, Supervising Building Inspector, Supervising Permit Technician, Supervising Plan Checker & Exped, Temp Permit Technician I",6739883.0,162359.0,Alameda
CIT.170,HEALDSBURG,CITY,Planning,,Yes,,9,"Administrative Technician, Assistant Planner, Building Inspector II, Building Official, Community Development Director, Development Services Technician II, Development Services Technician II, Senior Building Inspector, Senior Planner",1134087.0,10972.0,Sonoma
CIT.171,HEMET,CITY,Department Of Life Safety (DLS),,Yes,,37,"Building Inspector I, Building Technician I, Building Technician I, Building Technician II, Chief Building Official/Deputy Fire Marshal, Chief Building Official/Deputy Fire Marshal, Code Compliance Manager, Code Enforcement Officer II, Code Enforcement Officer II, Code Enforcement Officer II, Code Enforcement Officer II, Community Risk Reduction Cadet, Community Risk Reduction Cadet, Community Risk Reduction Cadet, Community Risk Reduction Cadet, Community Risk Reduction Cadet, Community Risk Reduction Cadet, Community Risk Reduction Cadet, Community Risk Reduction Cadet, Community Risk Reduction Cadet, Community Risk Reduction Cadet, Community Risk Reduction Cadet, Community Risk Reduction Cadet, Community Risk Reduction Cadet, Community Risk Reduction Cadet, Community Risk Reduction Cadet, Community Risk Reduction Cadet, Community Risk Reduction Cadet, Community Risk Reduction Cadet, Community Risk Reduction Cadet, Fire Prevention Officer, Fire Prevention Officer, Intern II, Office Specialist I, Office Specialist III, Office Specialist III, Senior Building Inspector",1105378.0,91934.0,Riverside
CIT.172,HERCULES,CITY,Community Development,,Yes,Likely includes other function,9,"Community Development Director, Community Development Specialist, Planning Commissioner, Planning Commissioner, Planning Commissioner, Planning Commissioner, Planning Commissioner, Public Works Director/Eng/Acm, Senior Planner",757603.0,26225.0,Contra Costa
CIT.173,HERMOSA BEACH,CITY,Community Development,,Yes,Likely includes other function,15,"Administrative Assistant, Assistant Planner, Assistant Planner, Associate Planner, Associate Planner, Building & Code Enforcement Official, Building & Planning Technician, Building & Planning Technician, Building Inspector, Building Inspector, Code Enforcement Officer, Code Enforcement Officer, Community Development Director, Intern, Planning Manager",1405992.0,19014.0,Los Angeles
CIT.174,HESPERIA,CITY,Development Services/Community Development/Building And,,Yes,,15,"Building Inspector, Building Inspector, Building Inspector, Building Inspector, Building Inspector, Building Inspector, Building Official, Community Development Manager, Community Development Supervisor, Community Development Technician, Community Development Technician, Community Development Technician, Plans Examiner, Plans Examiner, Plans Examiner",1023863.0,101792.0,San Bernardino
CIT.175,HIDDEN HILLS,CITY,,,Caveat,Very small town,0,,,,
CIT.176,HIGHLAND,CITY,Building & Safety,,Yes,,2,"Building Official, Permit Technician",213327.0,57088.0,San Bernardino
CIT.177,HOLLISTER,CITY,Community Development,,Yes,,24,"Assistant Engineer, Associate Engineer, Associate Engineer, Associate Planner, Building Official, Cannabis Affairs Manager, CIP Manager, Community Development  Director, Housing Program Coordinator, Management Analyst, Planning Comm, Planning Comm, Planning Comm, Planning Comm, Planning Comm, Planning Comm, Planning Comm, Planning Comm, Planning Manager, Public Work Inspector, Senior Planner, Senior Public Works Inspector, Sr Support Services Assistant, Sr Support Srv Assistant",1780271.0,43492.0,San Benito
CIT.178,HOLTVILLE,CITY,Building/Fire,,Yes,Very small town,1,General Employee,51137.0,5685.0,Imperial
CIT.179,HUGHSON,CITY,Planning And Building,,Yes,Likely includes other function,0,,,7977.0,Stanislaus
CIT.180,HUNTINGTON BEACH,CITY,Planning,,Yes,,57,"Administrative Assistant, Administrative Assistant, Assistant Planner, Assistant Planner, Associate Planner, Associate Planner, Associate Planner, Building Inspection Manager, Building Inspection Supervisor, Building Inspector, Building Inspector, Building Inspector III, Building Official, Code Enforcement Manager, Code Enforcement Officer, Code Enforcement Officer, Code Enforcement Officer, Code Enforcement Technician, Code Enforcement Technician, Code Enforcement Technician, Combination Inspector, Combination Inspector, Combination Inspector, Combination Inspector, Combination Inspector, Community Development Director, Department Assistant (Journey) PARS, Department Ser Aide (Expd) PARS, Deputy Dir Of Comm Devel, Office Assistant II, Permit & Plan Check Supervisor, Permit Technician, Permit Technician, Plan Check Engineer, Planning Manager, Principal Code Enforcement Officer, Principal Code Enforcement Officer, Principal Combination Inspector, Principal Combination Inspector, Principal Management Analyst, Principal Planner, Senior Administrative Assist, Senior Code Enforcement Officer, Senior Code Enforcement Officer, Senior Code Enforcement Officer, Senior Combination Inspector, Senior Combination Inspector, Senior Geo Infor Systems Analyst, Senior Management Analyst, Senior Management Analyst, Senior Permit Technician, Senior Permit Technician, Senior Permit Technician, Senior Permit Technician, Senior Planner, Senior Planner, Senior Plans Examiner",5118325.0,193134.0,Orange
CIT.181,HUNTINGTON PARK,CITY,Community Development,,Yes,Likely includes other function,25,"Administrative Clerk, Administrative Specialist, Associate Planner, Associate Planner, Civil Service Commissioner, Code Enforcement Officer, Code Enforcement Officer, Code Enforcement Officer, Code Enforcement Officer, Code Enforcement Officer, Director Of Community Development, Health & Education Commissioner, Health & Education Commissioner, Health & Education Commissioner, Health & Education Commissioner, Planning Commissioner, Planning Commissioner, Planning Commissioner, Planning Commissioner, Planning Commissioner, Planning Commissioner, Planning Commissioner, Planning Intern, Planning Manager, Project Manager",966501.0,53051.0,Los Angeles
CIT.182,HURON,CITY,Planning,,Yes,,0,,,6932.0,Fresno
CIT.183,IMPERIAL,CITY,Community Development,,Yes,,9,"Administrative Assistant, Building Inspector II, Code Enforcement Inspector, Community Development Director, Community Development Technician, Engineering Technician/Inspector, Organic Waste Monitor, Planner II, Project Manager",705957.0,22866.0,Imperial
CIT.184,IMPERIAL BEACH,CITY,Comm Dev - Bldg. & Housing,,Yes,,1,5070 Building and Planning Tech,53710.0,26369.0,San Diego
CIT.185,INDIAN WELLS,CITY,Community Development,,Yes,,7,"Building Inspector I/Code Enforcement Officer, Building Official & Code Enforcement Manager, Community Development Director, Permit Technician II, Planning Technician I, Senior Administrative Assistant, Senior Planner",895242.0,4862.0,Riverside
CIT.186,INDIO,CITY,Building / Safety,,Yes,,11,"Building Inspector I, Building Inspector I, Building Inspector II, Building Inspector III, Building Inspector Supervisor, Intern / Building Fellow, Permit Technician I, Permit Technician II, Plans Examiner, Plans Examiner, Supervising Plans Examiner",830231.0,92539.0,Riverside
CIT.187,INDUSTRY,CITY,Development Services,,Caveat,Contract out to LA County. See Link: https://dpw.lacounty.gov/bsd/content/contractcities.aspx,0,,,,
CIT.188,INGLEWOOD,CITY,Development Services,,Yes,,51,"Assistant Plan Check Engineer, Assistant Planner, Assistant Planner, Building Inspector, Building Inspector Supervisor, Building Official, Building Permit Technician, Building Permit Technician, Building Permit Technician, Code Enforcement Coordinator, Code Enforcement Manager, Code Enforcement Officer, Code Enforcement Officer, Code Enforcement Officer, Code Enforcement Officer, Code Enforcement Officer, Code Enforcement Officer, Code Enforcement Officer, Code Enforcement Officer, Code Enforcement Officer, Code Enforcement Officer, Code Enforcement Officer, Code Enforcement Officer, Code Enforcement Officer, Code Enforcement Officer, Code Enforcement Supervisor, Code Enforcement Trainee, Code Enforcement Trainee, Code Enforcement Trainee, Code Enforcement Trainee, Code Enforcement Trainee, Code Enforcement Trainee, Code Enforcement Trainee, Development Services Director, Management Assistant, Management Assistant, Plan Check Engineer Supervisor, Planner, Planning Manager, Planning Technician, Planning Technician, Senior Code Enforcement Officer, Senior Management Assistant, Senior Plan Check Engineer, Senior Planner, Senior Planner, Senior Program Specialist-Housing Protec, Staff Assistant, Staff Assistant, Staff Assistant, Staff Assistant",4143418.0,106305.0,Los Angeles
CIT.189,IONE,CITY,Administration,,Yes,,16,"Account Clerk, Account Clerk, Account Clerk, Accountant, Administrative Analysis, Administrative Assistant, Administrative Assistant, Administrative Assistant, Building Official, City Manager, City Manager, Finance Manager, Finance Manager, Grant Coordinator, Management Analyst, Recreation Coordinator",645147.0,9037.0,Amador
CIT.190,IRVINE,CITY,Community Development,,Yes,,134,"Administrative Aide, Administrative Assistant I, Administrative Assistant III, Administrative Assistant III, Assistant Plan Check Engineer, Assistant Plan Check Engineer, Assistant Plan Check Engineer, Assistant Plan Check Engineer, Assistant Planner, Assistant Planner, Assistant Planner, Assistant Planner, Associate Plan Check Engineer, Associate Planner, Associate Planner, Associate Planner, Associate Transportation Analyst, Building Inspection Supervisor, Building Inspection Supervisor, Building Inspection Supervisor, Building Inspection Supervisor, Building Inspection Supervisor, Building Inspector I, Building Inspector II, Building Inspector II, Building Inspector II, Building Inspector II, Building Inspector II, Building Inspector II, Building Inspector II, Building Inspector II, Building Inspector II, Chief Inspection Supervisor, Code Enforcement Officer II, Code Enforcement Officer II, Code Enforcement Supervisor, Code Enforcement Technician, Code Enforcement Technician, Community Development Administrator, Construction Inspector, Construction Inspector, Deputy Building Official, Deputy Director, Community Development, Deputy Director, Community Development, Director Of Community Development, Director Of Community Development, Director, Community Development - Seasonal Part Time, Executive Assistant III, Executive Assistant III, Lead Building Inspector, Lead Permit Specialist, Lead Permit Specialist, Manager, Advance Planning, Manager, Housing, Manager, Transit And Transportation, Permit Specialist I, Permit Specialist I, Permit Specialist I, Permit Specialist I, Permit Specialist I, Permit Specialist I, Permit Specialist I - Part Time, Permit Specialist II, Permit Specialist II, Permit Specialist II, Permit Specialist II, Permit Specialist II, Planning Commissioner, Planning Commissioner, Planning Commissioner, Planning Commissioner, Planning Commissioner, Planning Commissioner, Planning Commissioner, Plans Examiner, Plans Examiner, Principal Planner, Principal Planner, Principal Planner, Principal Planner, Principal Planner, Principal Planner, Program Assistant - Extended Part Time, Senior Building Inspector, Senior Building Inspector, Senior Building Inspector, Senior Building Inspector, Senior Building Inspector, Senior Building Inspector, Senior Building Inspector, Senior Building Inspector, Senior Building Inspector, Senior Building Inspector, Senior Building Inspector, Senior Building Inspector, Senior Building Inspector, Senior Civil Engineer, Senior Code Enforcement Officer, Senior Code Enforcement Officer, Senior Code Enforcement Officer, Senior Construction Inspector, Senior Construction Inspector, Senior Construction Inspector, Senior Housing Analyst, Senior Management Analyst, Senior Management Analyst, Senior Office Specialist, Senior Office Specialist, Senior Permit Specialist, Senior Permit Specialist, Senior Permit Specialist, Senior Permit Specialist, Senior Permit Specialist, Senior Permit Specialist, Senior Permit Specialist, Senior Plan Check Engineer, Senior Plan Check Engineer, Senior Plan Check Engineer, Senior Plan Check Engineer, Senior Plan Check Engineer, Senior Plan Check Engineer, Senior Plan Check Engineer, Senior Plan Check Engineer, Senior Planner, Senior Planner, Senior Planner, Senior Planner, Senior Planner, Senior Planner, Senior Planner, Senior Transportation Analyst, Senior Transportation Analyst, Senior Transportation Engineer, Water Quality Administrator",14283358.0,318629.0,Orange
CIT.191,IRWINDALE,CITY,Public Works Engineering,,Caveat,Contract out to LA County. See Link: https://dpw.lacounty.gov/bsd/content/contractcities.aspx,0,,,,
CIT.192,ISLETON,CITY,,,Caveat,Likely use third party,0,,,,
CIT.193,JACKSON,CITY,,,Caveat,Transparent CA show 2 ,2,,,,
CIT.194,JURUPA VALLEY,CITY,Community Development,,Yes,,43,"Administrative Assistant II, Assistant Building Official, Assistant City Manager/Cd Director, Assistant Planner, Associate Planner, Associate Planner, Building Inspection Supervisor, Building Inspection Supervisor, Building Inspector I, Building Inspector I, Building Inspector II, Building Inspector II, Building Permit Technician I, Building Permit Technician I, Building Permit Technician I, Chief Building Official, Code Enforcement Officer I, Code Enforcement Officer I, Code Enforcement Officer II, Code Enforcement Officer II, Code Enforcement Officer II, Code Enforcement Officer II, Code Enforcement Supervisor, Code Enforcement Supervisor, Deputy Director Of Community Dev, Executive Assistant, Housing Manager, Management Analyst, Office Assistant II, Office Assistant II, Permit Services Supervisor, Planning Manager, Planning Technician, Planning Technician, Planning Technician, Senior Building Inspector, Senior Building Permit Technician, Senior Building Permit Technician, Senior Code Enforcement Officer, Senior Office Assistant, Senior Planner, Senior Planner, Senior Planner",3462668.0,105928.0,Riverside
CIT.195,KERMAN,CITY,Administration,,Caveat,"On website, showed 1 contract engineer and the rest are city staff; not seeing link in GCC",4,,,,
CIT.196,KING CITY,CITY,Building & Safety,Planning,Caveat,Based on their website,2,,,,
CIT.197,KINGSBURG,CITY,Planning,,Yes,,4,"Building Official, Community Development Director, Planning Secretary, PT- Nio",320408.0,13285.0,Fresno
CIT.198,LA CANADA FLINTRIDGE,CITY,Community Development,,Caveat,Contract out to LA County. See Link: https://dpw.lacounty.gov/bsd/content/contractcities.aspx,0,,,,
CIT.199,LA HABRA,CITY,Community & Economic Development,,Yes,,32,"Administration Assistant, Associate Planner, Associate Planner, Building Inspector, Building Inspector, Chief Building Official, Clerk / Laborer, Code Enforcement Inspector, Code Enforcement Inspector, Code Enforcement Supervisor, Director Community & Economic Development, Economic Development & Housing Manager, Economic Development Project Manager, Economic Development Project Manager, Mgt Analyst II, Permit Services Supervisor, Permit Tech I, Permit Tech II, Planning Commissioner, Planning Commissioner, Planning Commissioner, Planning Commissioner, Planning Commissioner, Planning Commissioner, Planning Commissioner, Planning Manager, PT Rate, Senior Building Inspector, Senior Clerk, Senior Code Enforcement Inspector, Senior Planner, Senior Planner",1777390.0,61202.0,Orange
CIT.200,LA HABRA HEIGHTS,CITY,Community Development,,Yes,,5,"Building Inspector, Code Enforcement Officer, Code Enforcement Officer/ Fire Inspector, Permit Technician, Permit Technician",132977.0,5503.0,Los Angeles
CIT.201,LA MESA,CITY,Community Development,,Yes,,24,"Administrative Coordinator, Assistant Dir Of Comm Dev, Assistant Planner, Associate Planner, Associate Planner, Building Inspector II, Building Official, Building Official, Code Compl. Officer II, Commissioners, Commissioners, Commissioners, Commissioners, Development Services Tech I, Development Services Tech I, Development Services Tech I, Development Services Tech II, Director Of Comm. Development, Engineering Technician II, Intern/Student Worker I, Intern/Student Worker I, Intern/Student Worker I, Management Analyst, Senior Management Analyst",1140797.0,60908.0,San Diego
CIT.202,LA MIRADA,CITY,Community Development,,Caveat,Contract out to LA County. See Link: https://dpw.lacounty.gov/bsd/content/contractcities.aspx,0,,,,
CIT.203,LA PALMA,CITY,Community Development,,Yes,,0,,,15110.0,Orange
CIT.204,LA PUENTE,CITY,Community Development,,Yes,,5,"Administrative Assistant, Associate Planner, Director Of Development Services, Grants And Housing Analyst, Planning Manager",619393.0,37546.0,Los Angeles
CIT.205,LA QUINTA,CITY,60 - Design & Development,,Yes,,27,"Administrative Assistant, Administrative Assistant, Administrative Technician, Assistant Planner, Associate Planner, Building Inspector, Building Official, Commissions & Boards, Commissions & Boards, Commissions & Boards, Commissions & Boards, Commissions & Boards, Commissions & Boards, Commissions & Boards, Data Reporting Specialist Ft, Deputy Building Official, Design & Development Director, HUB Manager, Permit Technician, Permit Technician, Permit Technician, Planning Manager, Plans Examiner, Senior Building Inspector, Senior Building Inspector, Senior Permit Technician, Senior Planner",1951061.0,38796.0,Riverside
CIT.206,LA VERNE,CITY,Community Development Administration,,Yes,,10,"Administrative Secretary, Assistant Planner, Associate Planner, Code Compliance Officer, Director Of Community Development, Part Time - Administrative Clerk I, Part Time - Administrative Clerk I, Part Time - Administrative Clerk I, Part Time - Planning Intern, Principal Planner",584238.0,32300.0,Los Angeles
CIT.207,LAFAYETTE,CITY,,,Caveat,Lafayette contracts with the Contra Costa County Building Inspection Department (CCCBID) to perform building permit plan-check and inspection services. ,0,,,,
CIT.208,LAGUNA BEACH,CITY,Building Safety,,Yes,,17,"Building Inspector, Building Inspector (CE), Building Official, Building Plan Checker, Building Plan Checker, Chief Building Inspector, Office Specialist, Office Specialist, Office Specialist, Records Management Coordinator, Senior Building Inspector, Senior Building Inspector, Senior Building Inspector, Senior Permit Technician, Senior Permit Technician, Senior Permit Technician, Senior Plan Checker",1803393.0,22763.0,Orange
CIT.209,LAGUNA HILLS,CITY,Community Development,,Yes,,8,"Assistant Planner, Code Enforcement Officer, Community Development Director, Community Development Director, Management Analyst I, Receptionist, Senior Permit Technician, Senior Planner",753467.0,30309.0,Orange
CIT.210,LAGUNA NIGUEL,CITY,Comm Devel-Admin,,Yes,,9,"Community Development Director, Deputy Community Development Director, Management Analyst, Management Assistant, Management Assistant, Receptionist, Receptionist, Receptionist, Secretary",649023.0,65257.0,Orange
CIT.211,LAGUNA WOODS,CITY,,,Caveat,Third party out,0,,,,
CIT.212,LAKE ELSINORE,CITY,3020 B & S,,Yes,,0,,,73783.0,Riverside
CIT.213,LAKE FOREST,CITY,Community Development,,Yes,Likely includes other function,19,"Administrative Specialist, Assistant Director Of Community Development, Associate Planner, Code Enforcement Officer, Code Enforcement Officer, Code Enforcement Officer, Code Enforcement Officer, Code Enforcement Supervisor, Code Enforcement Supervisor, Director Of Community Development, Intern, Management Aide, Management Analyst, Planning Aide, Planning Aide, Records Specialist, Senior Planner, Senior Planner, Senior Planner",1495387.0,87639.0,Orange
CIT.214,LAKEPORT,CITY,Community Development,,Yes,,7,"Administrative Analyst, Administrative Specialist II, Associate Planner, Chief Building Official, Community Development Director, GIS Asset Management Technician, Temporary Hourly",436977.0,5026.0,Lake
CIT.215,LAKEWOOD,CITY,Community Development,,Caveat,Contract out to LA County. See Link: https://dpw.lacounty.gov/bsd/content/contractcities.aspx,0,,,,
CIT.216,LANCASTER,CITY,Community Development - Building & Safety,,Yes,,13,"Chief Building Official, Coordinator I, Engineer, Engineer, Inspector, Inspector, Inspector, Inspector, Inspector, Technical Assistant, Technical Assistant, Technical Assistant, Technician II",1212756.0,177768.0,Los Angeles
CIT.217,LARKSPUR,CITY,Building Inspection,,Yes,,2,"Chief Building Official, Permit Technician",247423.0,12731.0,Marin
CIT.218,LATHROP,CITY,Public Works,,Yes,,52,"Administrative Assistant I, Administrative Assistant II, Administrative Assistant II, Administrative Assistant II, Assistant City Manager, Assistant Engineer, Assistant Engineer (U), Assistant Engineer (U), Building Inspector I, Building Inspector II, Building Inspector III, Chief Building Official, City Engineer, Compliance Engineer, Construction Inspector II, Construction Inspector III, Construction Superintendent, Electrician Instrument Technician, Executive Assistant, Junior Engineer (U), Maintenance Services Supervisor, Maintenance Worker I, Maintenance Worker I, Maintenance Worker I, Maintenance Worker I (U), Maintenance Worker II, Maintenance Worker II (U), Maintenance Worker III, Maintenance Worker III, Maintenance Worker III, Maintenance Worker III, Maintenance Worker III, Management Analyst, Management Analyst II, Permit Tech II, Permit Tech II, Project Manager, Project Manager, Senior Civil Engineer, Senior Construction Manager, Streets & Maintenance Op. Manager, Utility Operations Superintendent, Utility Operator, Utility Operator I, Utility Operator I, Utility Operator I, Utility Operator II, Utility Operator III, Utility Operator III, Utility Plant Supervisor, Water Meter Reader II, Water Meter Reader II",4885794.0,38596.0,San Joaquin
CIT.219,LAWNDALE,CITY,,,Caveat,Contract out to LA County. See Link: https://dpw.lacounty.gov/bsd/content/contractcities.aspx,0,,,,
CIT.220,LEMON GROVE,CITY,Development Serv,,Yes,,6,"Assistant Planner, Code Enforcement/Water Quality, Community Dev. Manager, Development Services. Tech II, Planning Intern, Special Admin Project",330479.0,28163.0,San Diego
CIT.221,LEMOORE,CITY,Building Department,,Yes,,0,,,27692.0,Kings
CIT.222,LINCOLN,CITY,Community Development,,Yes,,22,"Admin Analyst II, Assistant Engineer, Assistant Planner, Associate Engineer, Associate Engineer, Associate Planner, Building Inspector I, Building Official, Community Development Director, Engineering Manager, Permit Tech II, Planning Commission, Planning Commission, Planning Commission, Planning Commission, Planning Commission, Planning Manager, Sr Admin Analyst, Sr Engineer, Sr Permit Tech, Sr Planner, Sup Building Inspector",1610195.0,54520.0,Placer
CIT.223,LINDSAY,CITY,,,,,,,,,
CIT.224,LIVE OAK,CITY,Building,,Yes,,1,Chief Building Official,101593.0,9658.0,Sutter
CIT.225,LIVERMORE,CITY,Building,,Yes,,17,"2050 Building Official, 2120 Insp & Neigh Preservation Mgr., 2140 Permit Center Manager, 4040 Administrative Technician, 4050 Division Clerk, 4052 Administrative Clerk I, 4130 Building Inspector I, 4130 Building Inspector I, 4131 Building Inspector II, 4132 Building Inspector III, 4240 Neighborhood Preservation Officer, 4240 Neighborhood Preservation Officer, 4240 Neighborhood Preservation Officer, 4250 Permit Technician, 4251 Permit Technician II, 4260 Plan Check Engineer, 4291 Supervisor Property & Evidence Tech",2121458.0,85899.0,Alameda
CIT.226,LIVINGSTON,CITY,,,,,,,,,
CIT.227,LODI,CITY,Community Development,,Yes,,27,"Administrative Analyst, Administrative Clerk, Asst Engineer/Plans Examiner, Asst Engineer/Plans Examiner, Building Inspector II, Cdd Program Specialist, Chief Building Official, Community Development Director, Community Imprmnt Officer II, Community Imprmnt Officer II, Community Imprmnt Officer II, Community Imprmnt Officer II, Deputy Director/City Planner, Neighborhood Services Manager, Permit Technician, Permit Technician, Permit Technician, Pt - City Planning Commissioner, Pt - City Planning Commissioner, Pt - City Planning Commissioner, Pt - City Planning Commissioner, Pt - City Planning Commissioner, Pt - City Planning Commissioner, Pt - Senior Planner, Senior Building Inspector, Senior Permit Technician, Youth Outreach Worker",1487573.0,67093.0,San Joaquin
CIT.228,LOMA LINDA,CITY,,,,,,,,,
CIT.229,LOMITA,CITY,,,Caveat,Contract out to LA County. See Link: https://dpw.lacounty.gov/bsd/content/contractcities.aspx,0,,,,
CIT.230,LOMPOC,CITY,Community Development/Planning,City Clerk,Yes,,11,"145  City Clerk, 212  Development Services Assistant I, 488  Office Staff Assistant III, 085  Associate Planner, 212  Development Services Assistant I, 212  Development Services Assistant I, 213  Development Services Assistant II, 532  Planning Manager, 570  Principal Planner, 661  Senior Code Enforcement, 838  Pt General Tech W/Pers",698816.0,43424.0,Santa Barbara
CIT.231,LONG BEACH,CITY,,,,,,,,,
CIT.232,LOS ALAMITOS,CITY,Community Development,,Yes,,18,"Associate Planner, Clerical Assistant, Clerical Assistant, Code Enforcement Officer, Code Enforcement Officer, Department Secretary, Department Secretary, Department Secretary, Department Secretary, Development Services Director, Development Services Manager, Econ Development Assistant, Management Analyst, Management Analyst, Management Analyst, Public Works Supervisor, Special Projects Coordinator, Sr. Code Enforcement Officer",1192445.0,12006.0,Orange
CIT.233,LOS ALTOS,CITY,Community Development,,Yes,,26,"Assistant City Manager, Assistant Civil Engineer, Assistant Planner, Associate Planner, Building Inspector, Building Official, City Engineer, Code Enforcement Officer, Construction Inspector, Deputy Director, Development Services Manager, Development Services Technician, Development Services Technician, Development Services Technician, Engineering Technician, Intern, Intern, Junior Engineer, Junior Engineer, Management Analyst I, Management Analyst II, Senior Building Inspector, Senior Building Inspector, Senior Planner, Senior Planner, Senior Planner",3352950.0,31720.0,Santa Clara
CIT.234,LOS ANGELES,CITY,,,,,,,,,
CIT.235,LOS BANOS,CITY,,,,,,,,,
CIT.236,LOYALTON,CITY,,,,,,,,,
CIT.237,LYNWOOD,CITY,Building & Safety,,Yes,,4,"Director Of Community Development, Senior Building Inspector/Assistant Building Official, Senior Planner, Senior Planner",505615.0,66660.0,Los Angeles
CIT.238,MADERA,CITY,Director Of Community Development,,Yes,,4,"2500 City Engineer, 2750 Chief Building Official, 2900 Senior Planner, 2950 Planning Manager",356962.0,66443.0,Madera
CIT.239,MALIBU,CITY,Environmental Sustainability,,Yes,,19,"Administrative Assistant, Building Inspector, Environmental Compliance Coordinator, Environmental Health Administrator, Environmental Health Administrator, Environmental Programs Manager, Environmental Sustainability Analyst, Environmental Sustainability Analyst, Environmental Sustainability Director/Building Official, Part Time Senior Permit Services Technician, Permit Services Technician, Permit Services Technician, Senior Administrative Assistant, Senior Building Inspector, Senior Permit Services Technician, Senior Plan Check Engineer, Supervising Building Inspector, Supervising Permit Service Technician, Wastewater Management Program Specialist",1951677.0,10604.0,Los Angeles
CIT.240,MAMMOTH LAKES,CITY,Building,,Yes,,5,"Building Inspector/ Plans Examiner, Building Official, Code Compliance Officer, Permit Technician I, Permit Technician/Plans Examiner",442333.0,7040.0,Mono
CIT.241,MANHATTAN BEACH,CITY,Community Development,,Yes,,44,"Administrative Analyst, Administrative Analyst, Administrative Assistant, Administrative Assistant, Assistant Planner, Assistant Planner, Associate Planner, Associate Planner, Associate Planner, Associate Planner, Building Inspector, Building Inspector, Building Official, City Manager, Code Enforcement Officer I/II, Code Enforcement Officer I/II, Code Enforcement Officer I/II, Code Enforcement Supervisor, Code Enforcement Supervisor, Envir Prog Administrator, Envir Prog Administrator, Executive Assistant, Intern, Intern, Lead Comm Services Officer, Office Assistant, Office Assistant, Office Assistant, Permits Technician, Permits Technician, Permits Technician, Permits Technician, Permits Technician, Planning Manager, Plans Examiner, Senior Building Inspector, Senior Building Inspector, Senior Management Analyst, Senior Permits Technician, Senior Plan Check Engineer, Senior Planner, Senior Planner, Sr Business Services Analyst, Traffic Engineer",3553054.0,34051.0,Los Angeles
CIT.242,MANTECA,CITY,Development Services,,Yes,,30,"Administrative Assistant III, Assistant Planner, Associate Planner, Building Inspector I, Building Inspector II, Deputy Development Dir: Planning, Deputy Development Dir: Planning, Deputy Director Dev Ser Building, Deputy Director Dev Ser Economic, Development Services Technician, Development Services Technician, Development Services Technician, Development Services Technician, Development Services Technician, Development Services Technician, Director Of Development Services, Economic Development Analyst, Part Time Community Development, Permit Center Manager, Planning Commissioner, Planning Commissioner, Planning Commissioner, Planning Commissioner, Planning Commissioner, Planning Commissioner Alternate, Senior Building Inspector, Senior Plan Check Engineer, Senior Planner, Senior Planner, Senior Plans Examiner",2206640.0,93733.0,San Joaquin
CIT.243,MARICOPA,CITY,,,,,,,,,
CIT.244,MARINA,CITY,Community Development/Building Inspections,,Yes,,4,"Chief Building Official, Chief Building Official - Part Time, Code Enforcement Officer, Permit Technician",326397.0,23086.0,Monterey
CIT.245,MARTINEZ,CITY,Building Inspection,,Yes,,5,"1029 Senior Building Inspector, 1029 Senior Building Inspector, 1038 Permit Technician II, 1038 Permit Technician II, 2009 Chief Building Official",615434.0,36817.0,Contra Costa
CIT.246,MARYSVILLE,CITY,,,,,,,,,
CIT.247,MAYWOOD,CITY,,,,,,,,,
CIT.248,MCFARLAND,CITY,,,,,,,,,
CIT.249,MENDOTA,CITY,,,,,,,,,
CIT.250,MENIFEE,CITY,Building & Safety,,Yes,,15,"Building Inspector, Building Inspector, Building Inspector, Building Inspector II, Building Official, Building Permit Technician, Building Permit Technician, Building Permit Technician II, Building/Safety Manager, Management Analyst, Office Specialist II - Bldg., Permit Center Coordinator, Plans Examiner II, Plans Examiner II, Senior Building Inspector",1595705.0,115316.0,Riverside
CIT.251,MENLO PARK,CITY,,,,,,,,,
CIT.252,MERCED,CITY,Inspection Services,,Yes,,10,"Assistant Building Official, Building Inspector II, Building Inspector II, Building Inspector II, Building Inspector III, Chief Building Official, Development Services Technician II, Development Services Technician II, Plan Examiner II, Plan Examiner II",892711.0,98039.0,Merced
CIT.253,MILL VALLEY,CITY,Building,,Yes,,7,"Administrative Assistant II, Building Inspector II, Building Official, Permit Services Coordinator, Permit Services Coordinator, Permit Technician II, Sr. Building Inspector",674515.0,13688.0,Marin
CIT.254,MILLBRAE,CITY,,,,,,,,,
CIT.255,MILPITAS,CITY,Policy Planning And Implementation,,Yes,,60,"Administrative Analyst I, Administrative Analyst I, Administrative Analyst II, Administrative Analyst II, Assistant City Manager, Build Permit Tech, Build Permit Tech, Build Permit Tech, Building Inspection Manager, Building Official, Building/NP Inspector, Building/NP Inspector, Building/NP Inspector, Building/NP Inspector, Building/NP Inspector, Building/NP Inspector, City Clerk, City Manager, Councilmember, Councilmember, Councilmember, Councilmember, Councilmember, Deputy City Clerk, Economic Development Coord, Economic Development Director & Strategic Init, Economic Development Spec, Housing Official, Mayor, Office Assistant II, Office Assistant II, Office Specialist, Plan Check Engineer, Plan Check Engineer, Plan Check Engineer, Plan Checker, Plan Review Manager, Planning Commissioners, Planning Commissioners, Planning Commissioners, Planning Commissioners, Planning Commissioners, Planning Commissioners, Planning Commissioners, Planning Commissioners, Public Information Officer, Senior Administrative Analyst, Senior Building Inspector, Senior Building Inspector, Senior Building Inspector, Senior Executive Assistant, Senior Plan Check Engineer, Senior Special Projects Associate, Senior Special Projects Associate, Special Project Associate, Student Intern, Student Intern, Student Intern, Student Intern, Student Intern",5866619.0,81915.0,Santa Clara
CIT.256,MISSION VIEJO,CITY,,,,,,,,,
CIT.257,MODESTO,CITY,Community & Economic Development,,Yes,,55,"Administrative Analyst II, Administrative Analyst II, Administrative Analyst II, Administrative Analyst II, Administrative Office Assistant II, Administrative Office Assistant II, Administrative Office Assistant II, Administrative Office Assistant II, Administrative Office Assistant III, Administrative Office Assistant III, Administrative Office Assistant III, Administrative Services Technician II, Associate Planner, Associate Planner, Building Inspector II, Building Inspector II, Building Inspector II, Building Inspector II, Building Inspector II, Building Safety Program Coordinator, Business Analyst, Business Analyst, Chief Building Official, Community Development Manager, Community Development Program Specialist II, Community Development Program Specialist II, Development Services Technician II, Development Services Technician II, Development Services Technician II, Director Of Community And Economic Development, Economic Development Manager, Economic Development Marketing Specialist, Executive Assistant (Represented), Executive Assistant (Represented), Housing And Urban Development Supervisor, Housing Financial Specialist, Housing Rehabilitation Specialist II, Housing Rehabilitation Supervisor, Infrastructure Financing Program Supervisor, Intern, Intern, Multimedia Designer, Planning Manager, Planning Manager, Plans Examiner, Plans Examiner, Principal Planner, Senior Administrative Office Assistant, Senior Administrative Office Assistant Conf, Senior Building Inspector, Senior Business Analyst, Senior Business Analyst, Senior Community Development Program Specialist, Senior Planner, Senior Planner",3948459.0,219765.0,Stanislaus
CIT.258,MONROVIA,CITY,Building Department,,Yes,,9,"Building & Safety Division Manager, Combination Inspector, Development Services Technician, Development Services Technician, Office Aide, Office Aide, Project Coordinator, Senior Combination Inspector, Senior Development Services Technician",713626.0,38920.0,Los Angeles
CIT.259,MONTAGUE,CITY,,,,,,,,,
CIT.260,MONTCLAIR,CITY,Community Development,,Yes,,18,"Administrative Specialist, Administrative Specialist, Building Inspector, Building Official, Building Official Pt, Code Enforcement Manager, Code Enforcement Officer, Code Enforcement Officer, Code Enforcement Supervisor, Director Of Community Development, Planning Commissioner, Planning Commissioner, Planning Commissioner, Planning Commissioner, Planning Commissioner, Plans Examiner, Senior Code Enforcement Officer, Senior Planner",1139039.0,37526.0,San Bernardino
CIT.261,MONTE SERENO,CITY,,,,,,,,,
CIT.262,MONTEBELLO,CITY,,,,,,,,,
CIT.263,MONTEREY,CITY,,,,,,,,,
CIT.264,MONTEREY PARK,CITY,,,,,,,,,
CIT.265,MOORPARK,CITY,,,,,,,,,
CIT.266,MORENO VALLEY,CITY,,,,,,,,,
CIT.267,MORGAN HILL,CITY,Development Services,,Yes,,31,"Assistant City Manager For Develop Services, Assistant Planner, Associate Planner, Building Inspector II, Building Inspector II, Building Manager, Building Official, Business Assistant, Code Compliance Officer, Code Compliance Officer, Development Services Technician, Development Services Technician, Development Services Technician, Development Services Technician, Developments Services Director, Economic Dev Coordinator, Economic Development Director, Housing Director, Housing Program Coordinator, Municipal Services Assistant, Plan Check Engineer, Principal Planner, PT Intern College Ba (T), PT Intern College Ba (T), PT Intern College Ma (T), PT Retired Annuitant, PT Retired Annuitant, PT Special Projects Coord (T), PT Sr Project Manager (T), Senior Planner, Unhoused Specialist",3993325.0,46599.0,Santa Clara
CIT.268,MORRO BAY,CITY,,,,,,,,,
CIT.269,MOUNT SHASTA,CITY,,,,,,,,,
CIT.270,MOUNTAIN VIEW,CITY,Community Development,,Yes,,58,"Advanced Planning Manager, Analyst II, Analyst II, Analyst II, Assistant Building Inspector, Assistant Building Inspector, Assistant Building Inspector, Assistant City Manager, Assistant Community Development Director, Assistant Community Development Director, Assistant Planner, Associate Planner, Associate Planner, Associate Planner, Associate Planner, Building Inspector II, Building Inspector II, Chief Building Official, Community Development Director, Deputy Building Official, Deputy Building Official, Deputy Zoning Administrator, Deputy Zoning Administrator, Dev Services Coordinator, Economic Development Strategist, Economic Development Strategist, Economic Vitality Manager, Executive Assistant, Fire Protection Engineer, Fire Protection Engineer, Hourly - Administrative Assistant, Hourly - Office Assistant, Hourly - Planning Manager, Junior Planner, Office Assistant, Office Assistant, Permit Technician, Permit Technician, Permit Technician, Plan Check Engineer, Plan Check Examiner, Planning Board Clerk, Principal Fire Prot Engineer, Principal Planner, Program Assistant, Senior Administrative Assistant, Senior Building Inspector, Senior Building Inspector, Senior Permit Technician, Senior Permit Technician, Senior Planner, Senior Planner, Senior Planner, Senior Planner, Senior Planner, Senior Planner, Senior Planner, Senior Planner",7307167.0,86513.0,Santa Clara
CIT.271,MURRIETA,CITY,Building & Safety,,Yes,,15,"Administrative Assistant, Building Inspection Supervisor, Building Inspector II, Building Inspector II, Building Inspector III, Building Inspector III, Building Official, Development Services Tech, Development Services Tech, Development Services Tech, Development Services Tech, Plans Examiner, Plans Examiner, Sr Development Services Tech, Sr Plans Examiner",1261373.0,111789.0,Riverside
CIT.272,NAPA,CITY,Cdd Building,,Yes,,9,"Cd01 Building Inspector I, Cd01 Building Inspector I, Cd02 Building Inspector II, Cd02 Building Inspector II, Cd08 Plans Examiner, Cd09 Permit Technician, Cd09 Permit Technician, Cd12 Chief Building Official, Cd26 Senior Permit Technician",908526.0,77736.0,Napa
CIT.273,NATIONAL CITY,CITY,Fire - Building,,Yes,,6,"Building Official, Building Official, Permit Technician, Permit Technician, Permit Technician, Senior Building Inspector",362880.0,58965.0,San Diego
CIT.274,NEEDLES,CITY,,,,,,,,,
CIT.275,NEVADA CITY,CITY,,,,,,,,,
CIT.276,NEWARK,CITY,Public Works,,Yes,,26,"Admin Support Specialist II, Assistant Engineer, Associate Civil Engineer, Associate Civil Engineer, Building Inspector I, Building Inspector I, Building Inspector I, Building Inspector II, Building Inspector II, Chief Building Official, City Engineer, City Engineer, Engineering Technician I, Environmental Services Manager, Junior Engineer-Civil, Management Analyst II, Office Assistant, Permit Technician, Principal Civil Engineer, Public Works Director, Public Works Director, Public Works Inspector, Special Assignment I, Sr Admin Support Specialist, Sr Building Inspector, Sr Civil Engineer",2687121.0,48886.0,Alameda
CIT.277,NEWMAN,CITY,,,,,,,,,
CIT.278,NEWPORT BEACH,CITY,,,,,,,,,
CIT.279,NORCO,CITY,Building & Safety,,Yes,,7,"Administrative Aide (752), Building Inspector, Building Official, Community Development Specialist, Community Development Specialist, Senior Community Development Specialist, Senior Community Development Specialist",337381.0,25221.0,Riverside
CIT.280,NORWALK,CITY,Community Development - Planning,,Yes,,13,"Administrative Intern - Hr, Administrative Intern - Hr, Administrative Intern - Hr, Administrative Intern - Hr, Assistant Planner, Assistant Planner, Associate Planner, Development Services Manager, Development Services Manager, Planning Technician, Senior Planner, Senior Planner, Senior Planner",539738.0,101075.0,Los Angeles
CIT.281,NOVATO,CITY,,,,,,,,,
CIT.282,OAKDALE,CITY,,,,,,,,,
CIT.283,OAKLAND,CITY,"Planning, Building & Neighborhood Preservation",,Yes,,185,"Account Clerk II, Account Clerk III, Account Clerk III, Accountant III, Administrative Analyst  I, Administrative Analyst  I, Administrative Analyst  II, Administrative Analyst  II, Administrative Analyst  II, Administrative Analyst  II, Administrative Assistant I, Administrative Assistant I, Administrative Assistant I, Administrative Assistant II, Administrative Services Manager II, Assistant Director, Planning & Building, Assistant Director, Planning & Building, Business Analyst  II, Business Analyst  III, Business Analyst  III, Construction Inspector, Sr (Field), Deputy Director/Building Official, Deputy Director/Building Official, Deputy Director/City Planner, Director Of Planning & Building, Engineer, Assistant I (Office), Engineer, Assistant II (Office), Engineer, Assistant II (Office), Engineer, Assistant II (Office), Engineer, Assistant II (Office), Engineer, Assistant II (Office), Engineer, Civil (Office), Engineer, Civil (Office), Engineer, Civil (Office), Engineer, Civil (Office), Engineer, Civil (Office), Engineer, Civil Principal, Engineer, Civil Principal, Engineer, Civil Supervising (Office), Executive Assistant To The Director, Exempt Limited Duration Employee, Exempt Limited Duration Employee, Exempt Limited Duration Employee, Management Assistant, Management Assistant, Management Intern, Pt, Management Intern, Pt, Management Intern, Pt, Management Intern, Pt, Manager, Planning, Manager, Planning, Manager, Zoning, Office Assistant II, Office Assistant II, Office Assistant II, Office Assistant II, Office Assistant II, Permit Technician I, Permit Technician I, Permit Technician I, Permit Technician I, Permit Technician I, Permit Technician I, Permit Technician I, Permit Technician I, Permit Technician I, Permit Technician I, Permit Technician II, Planner I, Planner I, Planner I, Planner I, Planner II, Planner II, Planner II, Planner II, Planner II, Planner II, Planner II, Planner III, Planner III, Planner III, Planner III, Planner III, Planner III, Planner III, Planner III, Planner III, Planner III, Historic Preservation, Planner IV, Planner IV, Planner IV, Planner IV, Planner IV, Planner IV, Planner IV, Planner IV, Planner IV, Planner IV, Planner IV, Planner IV, Planner IV, Principal Inspection Supervisor, Principal Inspection Supervisor, Principal Inspection Supervisor, Process Coordinator II, Process Coordinator II, Process Coordinator II, Process Coordinator II, Process Coordinator III, Process Coordinator III, Process Coordinator III, Process Coordinator III, Program Analyst  III, Project Manager II, Public Service Representative, Public Service Representative, Public Service Representative, Public Service Representative, Public Service Representative, Public Service Representative, Public Service Representative, Public Service Representative, Public Service Representative, Public Service Representative, Public Service Representative, Public Service Representative, Public Service Representative, Public Service Representative, Public Service Representative, Public Service Representative, Public Service Representative, Senior, Public Service Representative, Senior, Public Service Representative, Senior, Public Service Representative, Senior, Spatial Data Analyst  III, Specialty Combination Inspector, Specialty Combination Inspector, Specialty Combination Inspector, Specialty Combination Inspector, Specialty Combination Inspector, Specialty Combination Inspector, Specialty Combination Inspector, Specialty Combination Inspector, Specialty Combination Inspector, Specialty Combination Inspector, Specialty Combination Inspector, Specialty Combination Inspector, Specialty Combination Inspector, Specialty Combination Inspector, Specialty Combination Inspector, Specialty Combination Inspector, Specialty Combination Inspector, Specialty Combination Inspector, Specialty Combination Inspector, Specialty Combination Inspector, Specialty Combination Inspector, Specialty Combination Inspector, Specialty Combination Inspector, Specialty Combination Inspector, Specialty Combination Inspector, Specialty Combination Inspector, Specialty Combination Inspector, Specialty Combination Inspector, Specialty Combination Inspector, Specialty Combination Inspector, Specialty Combination Inspector, Specialty Combination Inspector, Specialty Combination Inspector, Specialty Combination Inspector, Specialty Combination Inspector, Specialty Combination Inspector, Specialty Combination Inspector, Specialty Combination Inspector, Specialty Combination Inspector, Specialty Combination Inspector, Specialty Combination Inspector, Specialty Combination Inspector, Senior, Specialty Combination Inspector, Senior, Specialty Combination Inspector, Senior, Specialty Combination Inspector, Senior, Specialty Combination Inspector, Senior, Technical Communications Specialist, Temp Contract Services Employee, Pt, Temp Contract Services Employee, Pt",20449284.0,426457.0,Alameda
CIT.284,OAKLEY,CITY,Community Development Services,,Yes,,15,"Administrative Assistant, Associate Planner, Building Inspector I, Building Inspector I, Building Inspector I, Building Inspector I, Chief Building Official, Code Enforcement Officer I, Code Enforcement Officer I, Code Enforcement Technician, Community Development Director, Permit Technician, Permit Technician, Senior Permit Technician, Senior Planner",1065265.0,46826.0,Contra Costa
CIT.285,OCEANSIDE,CITY,Development Services,,Yes,,76,"Administrative Analyst II, Administrative Secretary, Assistant Building Official, Associate Engineer, Associate Engineer, Associate Engineer, Associate Engineer, Associate Engineer, Associate Engineer, Associate Engineer, Associate Planner, Associate Planner, Associate Traffic Engineer, Building Inspector II, Building Inspector II, Building Inspector II, Building Inspector II, Building Inspector II, Building Inspector III, Chief Building Official, City Development Engineer, City Engineer, City Planner, Code Enforcement Division Manager, Code Enforcement Officer I, Code Enforcement Officer I, Code Enforcement Officer I, Code Enforcement Officer II, Code Enforcement Officer II, Code Enforcement Officer II, Code Enforcement Officer II, Code Enforcement Officer II, Code Enforcement Officer II, Code Enforcement Officer II, Code Enforcement Officer II, Code Enforcement Officer III, Development Services Director, Landscape Architect, Lead Public Works Inspector, Lead Public Works Inspector, Management Analyst, Office Specialist II, Permit Technician I, Permit Technician II, Permit Technician II, Permit Technician II, Permit Technician III, Planner I, Planner I, Planner I, Plans Examiner II, Plans Examiner II, Plans Examiner III, Principal Civil Engineer, Principal Planner, Principal Planner, Principal Planner, Professional Assistant, Professional Assistant, Program Specialist, Public Works Inspector, Public Works Inspector, Public Works Inspector, Public Works Inspector, Senior Building Inspector, Senior Civil Engineer, Senior Civil Engineer, Senior Code Enforcement Officer, Senior Code Enforcement Officer, Senior Engineering Assistant, Senior Management Analyst, Senior Office Specialist, Senior Office Specialist, Senior Office Specialist, Senior Planner, Sustainability Program Administrator",7006882.0,174340.0,San Diego
CIT.286,OJAI,CITY,,,,,,,,,
CIT.287,ONTARIO,CITY,Community Development,,Yes,,6,"Building Official, Community Improvement Director, Executive Director Community Development, Executive Director Community Development, Project Manager, Senior Administrative Assistant",1226191.0,184404.0,San Bernardino
CIT.288,ORANGE,CITY,Community Development,,Yes,,41,"Administrative Assistant, Administrative Assistant, Assistant Community Development Director, Assistant Planner, Assistant Planner, Assistant Planner, Associate Planner, Associate Planner, Associate Planner, Building Inspection Supervisor, Building Inspection Supervisor, Chief Building Official, Code Compliance Manager, Code Compliance Officer, Code Compliance Officer, Code Compliance Officer, Code Compliance Officer, Code Compliance Officer, Code Compliance Officer, Code Compliance Officer, Combination Building Inspector, Combination Building Inspector, Combination Building Inspector, Community Development Director, Executive Assistant, Housing Manager, Information Technology Project Manager, Permit Supervisor, Permit Technician, Permit Technician, Permit Technician, Permit Technician, Permit Technician, Permit Technician, Plan Check Engineer, Planning Aide, Principal Planner, Senior Code Compliance Officer, Senior Plan Check Engineer, Senior Planner, Senior Planner",3908895.0,139724.0,Orange
CIT.289,ORANGE COVE,CITY,,,,,,,,,
CIT.290,ORINDA,CITY,,,,,,,,,
CIT.291,ORLAND,CITY,,,,,,,,,
CIT.292,OROVILLE,CITY,,,,,,,,,
CIT.293,OXNARD,CITY,,,,,,,,,
CIT.294,PACIFIC GROVE,CITY,,,,,,,,,
CIT.295,PACIFICA,CITY,,,,,,,,,
CIT.296,PALM DESERT,CITY,Community Development - Building & Safety,,Yes,,7,"Administrative Assistant I, Assistant Building Official, Building Inspector I, Building Inspector II, Building Inspector II, Chief Building Officer, Senior Building Inspector",786067.0,51980.0,Riverside
CIT.297,PALM SPRINGS,CITY,Building & Safety,,Yes,,14,"Administrative Assistant, Administrative Specialist, Building Inspector, Building Inspector, Building Inspector, Building Inspector II, Building Inspector Supervisor, Building Official, Permit Center Technician, Permit Center Technician, Permit Center Technician, Plans Examiner, Plans Examiner, Plans Examiner Supervisor",1274684.0,44476.0,Riverside
CIT.298,PALMDALE,CITY,Building And Safety,,Yes,,17,"Building Official, Inspector I, Inspector I, Inspector II, Inspector II, Management Aide, Office Assistant I, Planning Aide, Senior Analyst, Senior Community Development Technician, Senior Inspector, Senior Inspector, Supervising Inspector, Supervising Plan Reviewer, Supervising Technician, Technician I, Technician II",1633960.0,167097.0,Los Angeles
CIT.299,PALO ALTO,CITY,DSD,,Yes,,47,"Administrative Associate II, Administrative Associate III, Administrative Associate III, Administrative Associate III, Administrative Associate III, Administrative Associate III, Assistant Chief Building Official, Assoc Engineer, Associate Planner, Building Inspector Specialist, Building Inspector Specialist, Building Inspector Specialist, Building/Planning Technician, Chief Building Official, Development Project Coordinator II, Development Project Coordinator II, Development Project Coordinator III, Development Project Coordinator III, Development Project Coordinator III, Division Manager Planning, Engineer, Engineer ing Tech III, Engineer Tech III, Engineer Tech III, Fire Inspector EMT, Fire Marshal, Hazardous Materials Inspector EMT, Hazardous Materials Inspector EMT, Hazardous Materials Inspector EMT, Hazardous Materials Inspector EMT, Hazardous Materials Inspector EMT, Management Specialist, Management Specialist, Manager Planning, Manager Planning, Plan Check Engineer, Plan Check Engineer, Plan Check Engineer, Principal Planner, Senior Building Inspector, Senior Building Inspector, Senior Building Inspector, Senior Building Inspector, Senior Planner, Senior Planner, Senior Program Manager, Sr Management Analyst",6791806.0,68794.0,Santa Clara
CIT.300,PALOS VERDES ESTATES,CITY,,,,,,,,,
CIT.301,PARAMOUNT,CITY,,,,,,,,,
CIT.302,PARLIER,CITY,,,,,,,,,
CIT.303,PASADENA,CITY,Planning & Community Development,,Yes,,90,"Administrative Specialist, Administrative Specialist, Administrative Specialist, Assistant Planner, Assistant Planner, Assistant Planner, Assistant Planner, Associate Planner, Building Inspector, Building Inspector, Building Inspector, Building Inspector, Building Inspector, Building Official, Code Compliance Manager, Code Compliance Manager, Code Compliance Officer, Code Compliance Officer, Code Compliance Officer, Code Compliance Officer, Code Compliance Officer, Code Compliance Supervisor, Code Compliance Supervisor, Cultural Affairs Manager, Customer Service Representative, Deputy Director/Planning & Community Development, Deputy Director/Planning & Community Development, Director/Planning & Community Development, Film/Event Coordinator, Film/Event Coordinator, Film/Event Program Coordinator, Inspector Trainee, Inspector Trainee, Inspector Trainee, Management Analyst I, Management Analyst V, Office Assistant, Office Assistant, Permit Services Manager, Permit Services Specialist, Permit Services Specialist, Permit Services Specialist, Permit Technician I, Permit Technician I, Permit Technician I, Permit Technician I, Permit Technician I, Permit Technician I, Permit Technician II, Permit Technician II, Planner, Planner, Planner, Planner, Planner, Planner, Planner, Planner, Planning Manager, Planning Technician, Planning Technician, Planning Technician, Plans Examiner, Plans Examiner, Plans Examiner, Plans Examiner, Principal Planner, Principal Planner, Principal Planner, Principal Planner, Principal Planner, Program Coordinator III, Senior Administrative Specialist, Senior Building Inspector, Senior Building Inspector, Senior Building Inspector, Senior Code Compliance Officer, Senior Executive Assistant, Senior Office Assistant, Senior Office Assistant, Senior Office Assistant, Senior Planner, Senior Planner, Senior Planner, Senior Planner, Senior Planner, Senior Planner, Senior Planner, Senior Plans Examiner, Supervising Plancheck Engineer",8017116.0,140631.0,Los Angeles
CIT.304,PASO ROBLES,CITY,,,,,,,,,
CIT.305,PATTERSON,CITY,,,,,,,,,
CIT.306,PERRIS,CITY,Development Services,,Yes,,31,"Admin Tech I, Assistant Planner, Associate Planner, Associate Planner, Building And Safety Manager, Building Official/Fire Marshall, Combination Inspector II, Combination Inspector III, Commissioner, Commissioner, Commissioner, Commissioner, Commissioner, Development Services Assistant I, Development Services Assistant II, Development Services Assistant II, Development Services Assistant III, Director Of Development Services, Director Of Economic Development & Housing, Intern II (Bachelors), Intern II (Bachelors), Intern II (Bachelors), Management Analyst, Management Analyst, Management Assistant, Planning Manager, Principal Planner, Principle Mgmt. Analyst, Principle Mgmt. Analyst, Program Coordinator, Senior Planner",2975407.0,81240.0,Riverside
CIT.307,PETALUMA,CITY,Community Development,,Yes,,16,"Administrative Assistant, Assistant Director Of Community Development, Building Inspector 1, Building Inspector 1, Chief Building Official, Code Enforcement Officer, Deputy Chief Building Official, Director Of Community Development, Management Analyst I, Management Analyst II, Permit Technician, Permit Technician, Plans Examiner, PT Intern, Sen Building Inspector, Senior Management Analyst",1631669.0,59094.0,Sonoma
CIT.308,PICO RIVERA,CITY,Community Development,,Yes,,34,"Administrative Clerk, Analyst, Analyst, Assistant Planner, Assistant Planner, Building Inspector, Building Official, Coordinator, Coordinator, Counter Services Representative, Deputy Director, Director Of Community Economic And Development, Executive Assistant, Housing Programs Specialist, Neighborhood Improvement Officer, Neighborhood Improvement Officer, Neighborhood Improvement Officer, Neighborhood Improvement Officer, Neighborhood Improvement Officer, Parking Enforcement Officer, Parking Enforcement Officer, Parking Enforcement Officer, Parking Enforcement Officer, Planner, Planning Intern, Planning Intern, Planning Intern, Secretary, Secretary, Senior Analyst, Senior Building Inspector, Senior Planner, Specialist/NIO, Technician",2753555.0,60858.0,Los Angeles
CIT.309,PIEDMONT,CITY,Planning,,Yes,,18,"Administrative - P/T, Assistant Planner, Assistant Planner, Associate Planner, Associate Planner, Building Inspector P/T, Building Inspector P/T, Building Official, Plan Check Engineer P/T, Planning Consultant P/T, Planning Director, Planning PT, Planning PT, Planning PT, Plans Examiner, Public Works Administrative Assistant, Senior Planner, Sustainability Program Manager",1598615.0,10806.0,Alameda
CIT.310,PINOLE,CITY,Community Development,,Yes,,8,"Building Inspector II, Building Official, Code Enforcement Officer II, Community Developmentelopment Director, Permit Technician I, Permit Technician III, Planning Manager, Project Manager",1007258.0,18261.0,Contra Costa
CIT.311,PISMO BEACH,CITY,Building,,Yes,,6,"Building Inspector I, Building Official, Building Official, Code Enforcement Officer, Part Time Building Permit Technician, Permit Technician",391713.0,7804.0,San Luis Obispo
CIT.312,PITTSBURG,CITY,Public Works - Engineering,,Yes,,26,"Administrative Analyst II, Administrative Analyst II, Administrative Specialist, Assistant City Engineer, Assistant Engineer, Assistant Engineer, Assistant Engineer, Assistant Engineer, Assistant Engineer, Associate Engineer, Associate Engineer, Associate Engineer, Associate Engineer, Associate Engineer, Construction Inspector I, Construction Inspector I, Construction Inspector II, Development Services Coordinator, Development Services Supervisor, Director Of Public Works/City Engineer, Intern, Intern, Intern, Intern, Permit Technician, Senior Civil Engineer",2226534.0,76374.0,Contra Costa
CIT.313,PLACENTIA,CITY,Development Services,,Yes,,13,"Administrative Assistant, Associate Planner, Building Inspector, Building Permit Technician, Building Permit Technician, Code Enforcement Officer, Code Enforcement Officer, Code Enforcement Supervisor, Director Of Development Services, Gis Technician, Planning Manager, Planning Technician, Planning Technician",1092479.0,53982.0,Orange
CIT.314,PLACERVILLE,CITY,Development Services,,Yes,,10,"Administrative Assistant Dev Services, Associate Planner, Building Official, Code Enforcement Officer, Development Technician, Director of Development Services, Planning Commissioner, Planning Commissioner, Planning Commissioner, Planning Commissioner",506242.0,10642.0,El Dorado
CIT.315,PLEASANT HILL,CITY,Building Dept.,,Yes,,5,"Admin Specialist, Building Inspector, Building Inspector, Chief Building Official, Permit Technician",611552.0,33601.0,Contra Costa
CIT.316,PLEASANTON,CITY,Community Development,,Yes,,35,"Administrative Assistant, Assistant Planner, Associate Civil Engineer, Associate Planner, Associate Planner, Associate Planner, Associate Planner, Associate Planner, Building Inspector, Building Inspector, Chief Building Official, Deputy Director Pw-Transportation, Director Of Comm Development, Engineering Technician III, Engineering Technician III, Housing Division Program Manager, Lead Building Inspector, Management Analyst, Office Assistant, Office Manager, Permits Technician, Permits Technician, Permits Technician, Plan Checker, Planning Manager/Deputy Cdd, Program Asst, Program Asst, Program Asst, Senior Office Assistant, Senior Plan Checker, Senior Planner, Senior Planner, Sr Code Enforcement Officer, Sr Transportation Engineer, Sr. Clerical Assistant",4712671.0,77232.0,Alameda
CIT.317,PLYMOUTH,CITY,,,,,,,,,
CIT.318,POINT ARENA,CITY,,,,,,,,,
CIT.319,POMONA,CITY,DS - Building - Safety,,Yes,,12,"Administrative Assistant III, Building & Safety Coordinator, Building Inspector I, Building Inspector II, Building Official, Building Permit Technician I, Building Permit Technician I, Building Permit Technician II, Building Permit Technician II, Building Permit Technician II, Deputy Building Official, Plans Examiner",817438.0,153042.0,Los Angeles
CIT.320,PORT HUENEME,CITY,,,,,,,,,
CIT.321,PORTERVILLE,CITY,Engineering & Project Management,,Yes,,22,"Assistant Construction Project Manager, Assistant Engineer, Assistant Engineer, Assistant Engineer-Prov, Assistant Project Manager, Building Inspector I, Building Inspector I, Building Inspector I, Building Permit Technician, Chief Building Official, City Engineer, Construction/Project Manager, Eng & Building Tech, Eng & Building Tech, Eng & Project Management Director, Engineer Specialist II, Engineering & Building Tech, Engineering Inspector I, Engineering Inspector I, Engineering Specialist I, Engineering Specialist II, Project Manager",1596289.0,63622.0,Tulare
CIT.322,PORTOLA,CITY,,,,,,,,,
CIT.323,POWAY,CITY,Development Services,,Yes,,38,"Administrative Assistant III, Administrative Assistant III, Administrative Assistant III, Assistant Engineer, Assistant Engineer, Assistant Engineer, Assistant Engineer, Assistant Engineer, Assistant Planner, Assistant Planner, Assistant Planner, Associate Civil Engineer, Associate Planner, Associate Planner, Associate Planner, Associate Planner, City Engineer, City Planner, Code Compliance Officer, Development Services Aide, Director Of Development Services, Director Of Development Services, Engineering Inspector, Engineering Inspector, Engineering Inspector, Engineering Technician I, Lead Engineering Inspector, Management Analyst, Principal Civil Engineer, Senior Administrative Assistant, Senior Administrative Assistant, Senior Civil Engineer, Senior Code Compliance Officer, Senior Code Compliance Officer, Senior Management Analyst, Senior Planner, Senior Planner, Special Projects Engineer",2650961.0,50379.0,San Diego
CIT.324,RANCHO CORDOVA,CITY,41 - Building And Inspection,,Yes,,10,"Building Inspector I, Building Inspector II, Building Inspector Supervisor, Building Permit Services Supervisor, Building Permit Technician II, Building Permit Technician II, Chief Building Official, Senior Building Inspector, Senior Building Permit Technician, Senior Building Plans Examiner",970614.0,85451.0,Sacramento
CIT.325,RANCHO CUCAMONGA,CITY,,,,,,,,,
CIT.326,RANCHO MIRAGE,CITY,Building & Safety Department,,Yes,,5,"Building Inspector II, Building Inspector II, Building Inspector II, Building Inspector II, Building Official",460457.0,17120.0,Riverside
CIT.327,RANCHO PALOS VERDES,CITY,Community Development,,Yes,,32,"Assistant Planner, Assistant Planner, Associate Planner, Associate Planner, Associate Planner, Building Official, Code Enforcement Officer, Code Enforcement Officer, Code Enforcement Officer, Deputy Director Of Community Development, Director Of Community Development, Permit Technician, Permit Technician, Permit Technician, Permit Technician, Permit Technician, Permit Technician, Planning Commissioner, Planning Commissioner, Planning Commissioner, Planning Commissioner, Planning Commissioner, Planning Commissioner, Planning Commissioner, Planning Commissioner, Planning Commissioner, Planning Commissioner, Senior Administrative Analyst, Senior Building Inspector, Senior Planner, Senior Planner, Senior Planner",2175885.0,40727.0,Los Angeles
CIT.328,RANCHO SANTA MARGARITA,CITY,Development Services,,Yes,,6,"Administrative Assistant, Assistant City Manager/Development Services Dir, Code Enforcement Officer, Planner, Planning Technician, Principal Planner",669905.0,46341.0,Orange
CIT.329,RED BLUFF,CITY,,,,,,,,,
CIT.330,REDDING,CITY,,,,,,,,,
CIT.331,REDLANDS,CITY,Development Services,,Yes,,20,"Administrative Analyst, Administrative Assistant, Building Inspector, Building Inspector, Chief Building Official, City Planner, Director-Dev Services, Economic Development Coord, Management Analyst, Permit Technician, Planner, Planner, Planner, Planner, Plans Examiner, Principal Planner, Senior Building Inspector, Senior Planner, Senior Planner, Senior Plans Examiner",1876949.0,73488.0,San Bernardino
CIT.332,REDONDO BEACH,CITY,Community Development,,Yes,,35,"Admin Specialist Pt, Associate Planner, Associate Planner, Building & Engineering Tech, Building & Engineering Tech, Building & Engineering Tech, Building Inspector, Building Inspector, Building Maint Worker, Building Maint Worker, Building Maint Worker, Building Maint Worker, Building Maintenance Leadworker, Chief Building Official, Community Development Director, Maintenance Worker I, Maintenance Worker I, Maintenance Worker I, Maintenance Worker I, Maintenance Worker I, Maintenance Worker I, Maintenance Worker I, Plan Check Engineer, Planning Analyst, Planning Manager, Planning Technician, Pub Works Manager, Public Services Leadworker, Senior Building Inspector, Senior Building Inspector, Senior Plan Check Engineer, Senior Planner, Senior Planner, Senior Planner, Senior Planner",2774531.0,68091.0,Los Angeles
CIT.333,REDWOOD CITY,CITY,,,,,,,,,
CIT.334,REEDLEY,CITY,Community Development,,Yes,,6,"Assistant Planner, Building Permit Technician, City Building Official, City Planner, Community Development Director, Staff Assistant",550825.0,26603.0,Fresno
CIT.335,RIALTO,CITY,,,,,,,,,
CIT.336,RICHMOND,CITY,Planning & Building Regulation,,Yes,,47,"Admin Student Intern G/III, Admin Student Intern G/III, Admin Student Intern G/III, Administrative Assistant, Assistant Planner, Assistant Planner, Associate Admin Analyst, Associate Admin Analyst, Associate Admin Analyst, Building Inspector, Building Inspector, Building Inspector, Building Inspector Supervisor, Building Official, Building Official, Code Enforcement Manager, Code Enforcement Officer I, Code Enforcement Officer II, Code Enforcement Officer II, Code Enforcement Officer II, Code Enforcement Officer II, Code Enforcement Officer II, Director Of Community Dev, Housing  Services Supervisor, Housing Manager, Industrial Building Inspector, Office Aide G/III, Permit Technician I, Permit Technician I, Permit Technician II, Plan Checking Engineer, Plan Checking Engineer, Planner II, Planning Manager, Planning Technician I, Planning Technician I, Planning Technician I, Principal Planner, Project Coordinator, Senior Administrative Analyst, Senior Building Inspector, Senior Building Inspector, Senior Building Inspector, Senior Permit Technician, Senior Planner, Senior Planner, Senior Planner",4272874.0,113594.0,Contra Costa
CIT.337,RIDGECREST,CITY,,,,,,,,,
CIT.338,RIO DELL,CITY,,,,,,,,,
CIT.339,RIO VISTA,CITY,,,,,,,,,
CIT.340,RIPON,CITY,,,,,,,,,
CIT.341,RIVERBANK,CITY,,,,,,,,,
CIT.342,RIVERSIDE,CITY,Community Development,,Yes,,113,"Accounting Technician, Accounting Technician T, Administrative Analyst, Administrative Analyst, Administrative Analyst, Assistant Building Official E, Assistant Planner T, Assistant Planner T, Assistant Planner T, Assistant Planner T, Assistant Planner T, Assistant Planner T, Assistant Planner T, Associate Planner, Associate Planner T, Associate Planner T, Associate Planner T, Associate Planner T, Associate Planner T, Associate Planner T, Building Inspection Supervisor E, Building Inspector I T, Building Inspector I T, Building Inspector I T, Building Inspector I T, Building Inspector I T, Building Inspector II T, Building Inspector II T, Building Inspector II T, Building Official, Business Systems Manager I, City Historic Preservation Officer, City Planner E, Code Enforcement Manager, Code Enforcement Officer I T, Code Enforcement Officer II, Code Enforcement Officer II, Code Enforcement Officer II T, Code Enforcement Officer II T, Code Enforcement Officer II T, Code Enforcement Officer II T, Code Enforcement Officer II T, Code Enforcement Officer II T, Code Enforcement Officer II T, Code Enforcement Officer II T, Code Enforcement Officer II T, Community & Economic Development Director, Deputy Community And Economic Development Director, Deputy Community And Economic Development Director, Deputy Community And Economic Development Director, Development Services Representative II T, Development Services Representative II T, Executive Assistant C, Fiscal Manager, General Service Worker, General Service Worker, General Service Worker, General Service Worker, General Service Worker (Reset), General Service Worker (Reset), Permit Technician, Permit Technician T, Permit Technician T, Permit Technician T, Plan Check Manager E, Planning Technician, Planning Technician, Plans Examiner, Plans Examiner, Plans Examiner, Plans Examiner, Principal Planner, Principal Planner, Principal Planner, Project Assistant E, Project Coordinator E, Project Coordinator E, Project Manager, Project Manager E, Project Manager E, Project Manager E, Real Property Agent, Real Property Agent, Real Property Agent, Real Property Compliance Officer, Real Property Services Manager, Senior Administrative Analyst, Senior Building Inspector, Senior Building Inspector, Senior Code Enforcement Officer, Senior Code Enforcement Officer, Senior Code Enforcement Officer, Senior Code Enforcement Officer, Senior Management Analyst, Senior Office Specialist, Senior Office Specialist, Senior Office Specialist T, Senior Office Specialist T, Senior Permit Technician, Senior Permit Technician T, Senior Plan Check Engineer, Senior Plan Check Engineer, Senior Planner, Senior Planner, Senior Planner, Senior Planner, Senior Planner, Senior Project Manager, Senior Project Manager, Senior Project Manager, Senior Project Manager, Senior Project Manager, Supervising Real Property Agent",9138244.0,320337.0,Riverside
CIT.343,ROCKLIN,CITY,Community Development,,Yes,,37,"Administrative Assistant, Administrative Technician, Assistant Civil Engineer, Associate Civil Engineer, Associate Civil Engineer, Associate Planner, Building Inspector I, Building Inspector II, Building Inspector II, Chief Building Official, City Engineer/Deputy Director Of Community Development, Code Enforcement Officer, Code Enforcement Program Manager, Code Enforcement Technician, Director Of Community Development, Permit Center Supervisor, Planning Commission, Planning Commission, Planning Commission, Planning Commission, Planning Commission, Planning Manager, Planning/Build Technician I, Planning/Build Technician I, Planning/Building Technician I, Planning/Building Technician I, Planning/Building Technician I, Planning/Building Technician I, Planning/Building Technician II, Planning/Building Technician II, Planning/Building Technician II, Planning/Building Technician II, Principal Planner, Senior Construction Inspector, Senior Engineer, Senior Planner, Senior Planner",2497085.0,73172.0,Placer
CIT.344,ROHNERT PARK,CITY,Building Div Manager/Building Offic,,Yes,,1,1210 Building Div Manager/Building Official,100608.0,44062.0,Sonoma
CIT.345,ROLLING HILLS,CITY,,,Caveat,Contract out to LA County. See Link: https://dpw.lacounty.gov/bsd/content/contractcities.aspx,0,,,,
CIT.346,ROLLING HILLS ESTATES,CITY,,,Caveat,Contract out to LA County. See Link: https://dpw.lacounty.gov/bsd/content/contractcities.aspx,0,,,,
CIT.347,ROSEMEAD,CITY,,,,,,,,,
CIT.348,ROSEVILLE,CITY,DSD Development Services Department,,Yes,,83,"Administrative Assistant, Administrative Technician, Assistant Building Official, Assistant Engineer, Assistant Engineer, Assistant Engineer, Assistant Engineer, Associate Engineer, Associate Engineer (Pe), Associate Planner, Associate Planner, Associate Planner, Associate Planner, Associate Planner, Building Inspector I, Building Inspector I, Building Inspector I, Building Inspector I, Building Inspector II, Building Inspector II, Building Inspector II, Building Inspector II, Building Inspector II, Building Official, Building Official, Building Plans Examiner I, Building Plans Examiner I, Building Plans Examiner II, Building Plans Examiner II, Building Plans Examiner II, Building Plans Examiner Supervisor, Code Enforcement Inspector I, Code Enforcement Inspector I, Code Enforcement Inspector II, Code Enforcement Inspector II, Code Enforcement Inspector II, Code Enforcement Inspector II, Code Enforcement Supervisor, Code Enforcement Supervisor, Construction Inspection Superintendent, Construction Inspection Supervisor, Construction Inspector II, Construction Inspector II, Construction Inspector II, Construction Inspector II, Construction Inspector II, Development Services Business Analyst II, Development Services Business Analyst II, Development Services Business Systems Administrator, Development Services Director, Development Services Manager, Development Technician I, Development Technician I, Development Technician II, Development Technician II, Development Technician II, Development Technician II, Engineering Manager, Environmental Coordinator, Gis Analyst II, Gis Technician I, Junior Engineer, Management Analyst II, Office Assistant I, Office Assistant I, Permit Technician I, Permit Technician I, Permit Technician I, Permit Technician I, Permit Technician I, Permits Supervisor, Planning Manager, Principal Engineer, Senior Building Inspector, Senior Building Inspector, Senior Construction Inspector, Senior Construction Inspector, Senior Development Services Business Analyst, Senior Engineer, Senior Engineer, Senior Permits Technician, Senior Planner, Senior Planner",7650978.0,158494.0,Placer
CIT.349,SACRAMENTO,CITY,Building,,Yes,,31,"Accounting Technician, Building Inspector I, Building Inspector I, Building Inspector I, Building Inspector I, Building Inspector I, Building Inspector II, Building Inspector II, Building Inspector II, Building Inspector II, Building Inspector II, Building Inspector II, Building Inspector III, Building Inspector III, Building Inspector III, Building Inspector III, Building Inspector III, Building Inspector III, Building Inspector III, Building Inspector III, Building Inspector III, Building Inspector III, Building Inspector III, Building Inspector IV, Building Inspector IV, Building Inspector IV, Chief Building Official, Principal Building Inspector, Supervising Building Inspector, Supervising Building Inspector, Supervising Building Inspector",2634591.0,527979.0,Sacramento
CIT.350,SALINAS,CITY,Community Development,,Yes,,96,"Administrative Aide, Administrative Aide, Administrative Aide, Administrative Aide - Limited Term, Administrative Analyst I, Administrative Analyst I, Administrative Analyst I, Administrative Analyst I - Limited Term, Administrative Analyst I - Limited Term, Administrative Analyst I - Limited Term, Administrative Analyst I - Limited Term, Administrative Analyst I - Limited Term, Administrative Clerk I, Assistant Community Development Director, Assistant Community Development Director, Assistant Planner, Assistant Planner, Assistant Planner, Associate Planner, Associate Planner, Associate Planner, Building Permit Specialist, Chief Building Official, Code Enforcement Manager, Code Enforcement Officer I, Code Enforcement Officer I, Code Enforcement Officer I, Code Enforcement Officer I, Code Enforcement Officer I, Combination Building Inspector I, Combination Building Inspector I, Combination Building Inspector I, Combination Building Inspector II, Community Development Analyst, Community Development Analyst, Community Development Analyst, Community Development Analyst, Community Development Analyst, Community Development Analyst - Limited Term, Community Development Analyst - Limited Term, Community Development Analyst - Limited Term, Community Development Analyst - Limited Term, Community Development Director, Community Outreach Assistant - Limited Term, Community Outreach Assistant - Limited Term, Community Outreach Assistant - Limited Term, Community Outreach Assistant - Limited Term, Community Outreach Assistant - Limited Term, Community Outreach Assistant - Limited Term, Community Outreach Assistant - Limited Term, Community Outreach Assistant - Limited Term, Community Outreach Assistant - Limited Term, Community Outreach Assistant - Limited Term, Community Outreach Assistant - Limited Term, Community Outreach Assistant - Limited Term, Community Outreach Assistant - Limited Term, Economic Development Analyst, Homeless Services Manager, Homeless Services Manager - Limited Term, Inspection Services Manager, Management Analyst, Management Analyst, Office Technician, Office Technician, Permit Analyst, Permit Center Clerk, Permit Center Clerk, Permit Center Coordinator, Permit Services Technician, Permit Services Technician, Permit Services Technician, Plan Checker II, Planning Manager, Planning Manager, Planning Manager, Senior Accounting Technician, Senior Code Enforcement Officer, Senior Community Development Analyst, Senior Economic Development Manager, Senior Planner, Senior Planner, Senior Planner, Temporary - Administrative Aide, Temporary - Administrative Aide, Temporary - Administrative Aide, Temporary - Administrative Clerk I, Temporary - Administrative Clerk I, Temporary - Clerical Aide, Temporary - Community Improvement Assistant, Temporary - Office Technician, Temporary - Office Technician, Temporary - Peer Outreach Worker, Temporary - Peer Outreach Worker, Temporary - Permit Center Clerk, Temporary - Permit Center Clerk, Temporary - Senior Planner",6393379.0,160645.0,Monterey
CIT.351,SAN BERNARDINO,CITY,Community Develop & Housing Department,,Yes,,68,"Accountant III, Accounting Technician II, Administrative Assistant, Administrative Assistant, Administrative Assistant, Assistant Building Official, Assistant Planner (Flex), Assistant Planner (Flex), Associate Planner, Building Inspector II, Building Official (U), Code Enforcement Division Manager (U), Code Enforcement Officer I (Flex), Code Enforcement Officer I (Flex), Code Enforcement Officer I (Flex), Code Enforcement Officer I (Flex), Code Enforcement Officer I (Flex), Code Enforcement Officer I (Flex), Code Enforcement Officer I (Flex), Code Enforcement Officer I (Flex), Code Enforcement Officer II, Code Enforcement Officer II, Code Enforcement Officer II, Code Enforcement Officer II, Code Enforcement Officer II, Code Enforcement Officer II, Code Enforcement Officer II, Code Enforcement Officer II, Code Enforcement Officer II, Code Enforcement Officer II, Code Enforcement Officer II, Code Enforcement Officer II, Code Enforcement Officer II, Community Development Technician, Community Development Technician, Community Development Technician, Community Development Technician, Customer Service Representative, Customer Service Representative, Customer Service Representative, Deputy Dir Of Hou & Homelessness (U), Director Of Comm Develop & Housing (U), Executive Assistant To Director (U), Homeless Services Coordinator, Homeless Solutions Manager (U), Housing Compliance Specialist, Housing Compliance Specialist, Housing Division Manager (U), Lead Building Inspector, Lead Code Enforcement Officer, Lead Code Enforcement Officer, Management Analyst I (Flex), Management Analyst I (Flex), Management Analyst II, Part-Time ( <Reg Hrs &/Or Retired), Permit Services Supervisor, Planning Aide, Planning Aide, Plans Examiner II, Principal Planner, Senior Customer Service Representative, Senior Customer Service Representative (Bil), Senior Management Analyst, Senior Management Analyst, Senior Management Analyst, Senior Planner, Senior Planner, Senior Planner",3892072.0,222727.0,San Bernardino
CIT.352,SAN BRUNO,CITY,Building Inspection,,Yes,,4,"Building Division Supervisor, Building Inspector II, Building Inspector II, Building Official",398483.0,42631.0,San Mateo
CIT.353,SAN CARLOS,CITY,Community Development Building,,Yes,,9,"Assistant Building Official, Building Inspector I, Building Inspector I, Building Inspector I, Building Inspector II, Building Inspector II, Building Official, Management Analyst, Permit Technician",1078258.0,29535.0,San Mateo
CIT.354,SAN CLEMENTE,CITY,Building,,Yes,,10,"Administrative Assistant, Building Inspector I, Building Inspector II, Building Official, Office Specialist II, Permit Technician, Permit Technician, Plans Examiner I, Plans Examiner II, Senior Permit Technician",827112.0,62865.0,Orange
CIT.355,SAN DIEGO,CITY,Development Services,,Yes,,793,"Accountant I, Accountant II, Accountant II, Accountant III, Accountant IV, Accountant IV, Administrative Aide I, Administrative Aide I, Administrative Aide I, Administrative Aide I, Administrative Aide I, Administrative Aide I, Administrative Aide I, Administrative Aide I, Administrative Aide I, Administrative Aide I, Administrative Aide I, Administrative Aide I, Administrative Aide I, Administrative Aide I, Administrative Aide I, Administrative Aide I, Administrative Aide I, Administrative Aide I, Administrative Aide I, Administrative Aide I, Administrative Aide I, Administrative Aide I, Administrative Aide I, Administrative Aide I, Administrative Aide I, Administrative Aide I, Administrative Aide I, Administrative Aide I, Administrative Aide I, Administrative Aide I, Administrative Aide II, Administrative Aide II, Administrative Aide II, Administrative Aide II, Administrative Aide II, Administrative Aide II, Administrative Aide II, Administrative Aide II, Administrative Aide II, Administrative Aide II, Administrative Aide II, Administrative Aide II, Administrative Aide II, Assistant Deputy Director, Assistant Deputy Director, Assistant Deputy Director, Assistant Deputy Director, Assistant Deputy Director, Assistant Deputy Director, Assistant Deputy Director, Assistant Deputy Director, Assistant Deputy Director, Assistant Deputy Director, Assistant Deputy Director, Assistant Deputy Director, Assistant Deputy Director, Assistant Deputy Director, Assistant Deputy Director, Assistant Deputy Director, Assistant Deputy Director, Assistant Development Services Director, Assistant Development Services Director, Assistant Development Services Director, Assistant Development Services Director, Assistant Engineer - Civil, Assistant Engineer - Civil, Assistant Engineer - Civil, Assistant Engineer - Civil, Assistant Engineer - Civil, Assistant Engineer - Civil, Assistant Engineer - Civil, Assistant Engineer - Civil, Assistant Engineer - Civil, Assistant Engineer - Civil, Assistant Engineer - Civil, Assistant Engineer - Civil, Assistant Engineer - Civil, Assistant Engineer - Civil, Assistant Engineer - Civil, Assistant Engineer - Civil, Assistant Engineer - Civil, Assistant Engineer - Civil, Assistant Engineer - Civil, Assistant Engineer - Civil, Assistant Engineer - Civil, Assistant Engineer - Civil, Assistant Engineer - Civil, Assistant Engineer - Civil, Assistant Engineer - Civil, Assistant Engineer - Civil, Assistant Engineer - Civil, Assistant Engineer - Civil, Assistant Engineer - Civil, Assistant Engineer - Civil, Assistant Engineer - Civil, Assistant Engineer - Civil, Assistant Engineer - Civil, Assistant Engineer - Civil, Assistant Engineer - Civil, Assistant Engineer - Civil, Assistant Engineer - Civil, Assistant Engineer - Civil, Assistant Engineer - Civil, Assistant Engineer - Civil, Assistant Engineer - Civil, Assistant Engineer - Civil, Assistant Engineer - Civil, Assistant Engineer - Civil, Assistant Engineer - Civil, Assistant Engineer - Civil, Assistant Engineer - Civil, Assistant Engineer - Civil, Assistant Engineer - Civil, Assistant Engineer - Civil, Assistant Engineer - Civil, Assistant Engineer - Civil, Assistant Engineer - Electrical, Assistant Engineer - Electrical, Assistant Engineer - Traffic, Assistant Engineer - Traffic, Assistant Engineer - Traffic, Assistant Engineer - Traffic, Assistant Engineer - Traffic, Assistant Engineer - Traffic, Assistant Engineer - Traffic, Assistant Engineer - Traffic, Assistant Engineer - Traffic, Assistant Engineer - Traffic, Assistant Engineer - Traffic, Assistant Engineer - Traffic, Assistant Engineer - Traffic, Assistant Engineer - Traffic, Assistant Engineer - Traffic, Assistant Engineer - Traffic, Assistant Engineer - Traffic, Assistant Planner, Assistant Planner, Assistant Planner, Assistant Planner, Assistant Planner, Assistant Planner, Assistant Planner, Assistant Planner, Assistant Planner, Assistant Planner, Assistant Planner, Assistant Planner, Assistant Planner, Assistant Planner, Assistant Planner, Associate Engineer - Civil, Associate Engineer - Civil, Associate Engineer - Civil, Associate Engineer - Civil, Associate Engineer - Civil, Associate Engineer - Civil, Associate Engineer - Civil, Associate Engineer - Civil, Associate Engineer - Civil, Associate Engineer - Civil, Associate Engineer - Civil, Associate Engineer - Civil, Associate Engineer - Civil, Associate Engineer - Civil, Associate Engineer - Civil, Associate Engineer - Civil, Associate Engineer - Civil, Associate Engineer - Civil, Associate Engineer - Civil, Associate Engineer - Civil, Associate Engineer - Civil, Associate Engineer - Civil, Associate Engineer - Civil, Associate Engineer - Civil, Associate Engineer - Civil, Associate Engineer - Civil, Associate Engineer - Civil, Associate Engineer - Civil, Associate Engineer - Civil, Associate Engineer - Civil, Associate Engineer - Civil, Associate Engineer - Civil, Associate Engineer - Civil, Associate Engineer - Civil, Associate Engineer - Civil, Associate Engineer - Civil, Associate Engineer - Civil, Associate Engineer - Civil, Associate Engineer - Civil, Associate Engineer - Civil, Associate Engineer - Civil, Associate Engineer - Civil, Associate Engineer - Civil, Associate Engineer - Electrical, Associate Engineer - Electrical, Associate Engineer - Electrical, Associate Engineer - Electrical, Associate Engineer - Electrical, Associate Engineer - Electrical, Associate Engineer - Electrical, Associate Engineer - Fire Protection, Associate Engineer - Fire Protection, Associate Engineer - Fire Protection, Associate Engineer - Fire Protection, Associate Engineer - Fire Protection, Associate Engineer - Fire Protection, Associate Engineer - Fire Protection, Associate Engineer - Mechanical, Associate Engineer - Mechanical, Associate Engineer - Mechanical, Associate Engineer - Mechanical, Associate Engineer - Mechanical, Associate Engineer - Mechanical, Associate Engineer - Mechanical, Associate Engineer - Traffic, Associate Engineer - Traffic, Associate Engineer - Traffic, Associate Engineer - Traffic, Associate Engineer - Traffic, Associate Engineer - Traffic, Associate Engineer - Traffic, Associate Engineer - Traffic, Associate Engineer - Traffic, Associate Engineer - Traffic, Associate Engineer - Traffic, Associate Engineer - Traffic, Associate Engineer - Traffic, Associate Engineer - Traffic, Associate Engineer - Traffic, Associate Management Analyst, Associate Management Analyst, Associate Management Analyst, Associate Management Analyst, Associate Management Analyst, Associate Management Analyst, Associate Planner, Associate Planner, Associate Planner, Associate Planner, Associate Planner, Associate Planner, Associate Planner, Associate Planner, Associate Planner, Associate Planner, Associate Planner, Associate Planner, Associate Planner, Associate Planner, Associate Planner, Associate Planner, Associate Planner, Associate Planner, Associate Planner, Associate Planner, Associate Planner, Associate Planner, Associate Planner, Associate Planner, Associate Planner, Associate Planner, Associate Planner, Auto Messenger II, Cashier, Cashier, Cashier, Cashier, Clerical Assistant I, Clerical Assistant I, Clerical Assistant I, Clerical Assistant I, Clerical Assistant II, Clerical Assistant II, Clerical Assistant II, Clerical Assistant II, Combination Inspector I, Combination Inspector I, Combination Inspector I, Combination Inspector I, Combination Inspector I, Combination Inspector I, Combination Inspector I, Combination Inspector I, Combination Inspector I, Combination Inspector I, Combination Inspector I, Combination Inspector I, Combination Inspector I, Combination Inspector I, Combination Inspector I, Combination Inspector II, Combination Inspector II, Combination Inspector II, Combination Inspector II, Combination Inspector II, Combination Inspector II, Combination Inspector II, Combination Inspector II, Combination Inspector II, Combination Inspector II, Combination Inspector II, Combination Inspector II, Combination Inspector II, Combination Inspector II, Combination Inspector II, Combination Inspector II, Combination Inspector II, Combination Inspector II, Combination Inspector II, Combination Inspector II, Combination Inspector II, Combination Inspector II, Combination Inspector II, Combination Inspector II, Combination Inspector II, Combination Inspector II, Combination Inspector II, Combination Inspector II, Combination Inspector II, Combination Inspector II, Combination Inspector II, Combination Inspector II, Combination Inspector II, Combination Inspector II, Combination Inspector II, Combination Inspector II, Deputy Director, Deputy Director, Deputy Director, Deputy Director, Deputy Director, Deputy Director, Deputy Director, Deputy Director, Deputy Director, Deputy Director, Deputy Director, Development Project Manager I, Development Project Manager I, Development Project Manager I, Development Project Manager II, Development Project Manager II, Development Project Manager II, Development Project Manager II, Development Project Manager II, Development Project Manager II, Development Project Manager II, Development Project Manager II, Development Project Manager II, Development Project Manager II, Development Project Manager II, Development Project Manager II, Development Project Manager II, Development Project Manager II, Development Project Manager II, Development Project Manager II, Development Project Manager II, Development Project Manager II, Development Project Manager II, Development Project Manager II, Development Project Manager II, Development Project Manager II, Development Project Manager II, Development Project Manager II, Development Project Manager II, Development Project Manager II, Development Project Manager II, Development Project Manager II, Development Project Manager II, Development Project Manager II, Development Project Manager II, Development Project Manager II, Development Project Manager II, Development Project Manager II, Development Project Manager II, Development Project Manager II, Development Project Manager II, Development Project Manager II, Development Project Manager II, Development Project Manager II, Development Project Manager II, Development Project Manager II, Development Project Manager II, Development Project Manager III, Development Project Manager III, Development Project Manager III, Development Project Manager III, Development Project Manager III, Development Project Manager III, Development Project Manager III, Development Project Manager III, Development Project Manager III, Development Project Manager III, Development Project Manager III, Development Project Manager III, Development Project Manager III, Development Project Manager III, Development Project Manager III, Development Project Manager III, Development Services Director, Development Services Permit Technician, Development Services Permit Technician, Development Services Permit Technician, Development Services Permit Technician, Development Services Permit Technician, Development Services Permit Technician, Development Services Permit Technician, Development Services Permit Technician, Electrical Inspector I, Electrical Inspector I, Electrical Inspector I, Electrical Inspector I, Electrical Inspector II, Electrical Inspector II, Electrical Inspector II, Electrical Inspector II, Electrical Inspector II, Electrical Inspector II, Electrical Inspector II, Environmental Biologist III, Environmental Biologist III, Executive Assistant, Executive Assistant, Geographic Information Systems Analyst III, Hazardous Material/Pretreatment Trainee, Hazardous Materials Inspector II, Hazardous Materials Inspector III, Hazardous Materials Inspector III, Hazardous Materials Inspector III, Hazardous Materials Program Manager, Information Systems Administrator, Information Systems Analyst II, Information Systems Analyst II, Information Systems Analyst III, Information Systems Analyst III, Information Systems Analyst IV, Information Systems Technician, Information Systems Technician, Junior Engineer - Civil, Junior Engineer - Civil, Junior Engineer - Civil, Junior Engineer - Civil, Junior Engineer - Civil, Junior Engineer - Civil, Junior Engineer - Civil, Junior Engineer - Civil, Junior Engineer - Civil, Junior Engineer - Civil, Junior Engineer - Civil, Junior Engineer - Civil, Junior Engineer - Civil, Junior Engineer - Civil, Junior Engineer - Civil, Junior Engineer - Electrical, Junior Engineer - Electrical, Junior Planner, Junior Planner, Junior Planner, Junior Planner, Junior Planner, Land Surveying Assistant, Land Surveying Assistant, Land Surveying Assistant, Land Surveying Assistant, Land Surveying Assistant, Land Surveying Assistant, Land Surveying Assistant, Land Surveying Associate, Land Surveying Associate, Land Surveying Associate, Land Surveying Associate, Land Surveying Associate, Legislative Recorder I, Legislative Recorder I, Legislative Recorder II, Life Safety Inspector I, Life Safety Inspector II, Life Safety Inspector II, Life Safety Inspector II, Life Safety Inspector II, Life Safety Inspector II, Management Intern, Management Intern, Management Intern, Management Intern, Management Intern, Management Intern, Mechanical Inspector I, Mechanical Inspector II, Mechanical Inspector II, Mechanical Inspector II, Mechanical Inspector II, Mechanical Inspector II, Mechanical Inspector II, Mechanical Inspector II, Office Support Specialist, Office Support Specialist, Office Support Specialist, Office Support Specialist, Office Support Specialist, Office Support Specialist, Payroll Specialist II, Payroll Specialist II, Payroll Specialist II, Payroll Specialist II, Payroll Supervisor, Plan Review Specialist I, Plan Review Specialist I, Plan Review Specialist I, Plan Review Specialist I, Plan Review Specialist I, Plan Review Specialist I, Plan Review Specialist I, Plan Review Specialist I, Plan Review Specialist I, Plan Review Specialist II, Plan Review Specialist II, Plan Review Specialist II, Plan Review Specialist II, Plan Review Specialist II, Plan Review Specialist II, Plan Review Specialist II, Plan Review Specialist II, Plan Review Specialist II, Plan Review Specialist II, Plan Review Specialist II, Plan Review Specialist II, Plan Review Specialist II, Plan Review Specialist III, Plan Review Specialist III, Plan Review Specialist III, Plan Review Specialist III, Plan Review Specialist III, Plan Review Specialist III, Plan Review Specialist III, Plan Review Specialist III, Plan Review Specialist III, Plan Review Specialist III, Plan Review Specialist III, Plan Review Specialist III, Plan Review Specialist III, Plan Review Specialist IV, Plan Review Specialist IV, Plan Review Specialist IV, Plan Review Specialist IV, Plan Review Specialist IV, Plan Review Specialist IV, Plan Review Specialist IV, Plan Review Specialist IV, Plan Review Specialist IV, Plan Review Specialist IV, Plan Review Specialist IV, Plan Review Specialist IV, Plan Review Specialist IV, Plan Review Specialist IV, Plan Review Specialist IV, Principal Accountant, Principal Plan Review Specialist, Principal Plan Review Specialist, Program Coordinator, Program Coordinator, Program Coordinator, Program Coordinator, Program Coordinator, Program Manager, Program Manager, Program Manager, Program Manager, Program Manager, Program Manager, Program Manager, Public Information Clerk, Public Information Clerk, Public Information Clerk, Public Information Clerk, Public Information Clerk, Public Information Clerk, Public Information Clerk, Public Information Clerk, Public Information Specialist, Safety & Training Manager, Safety Officer, Senior Cashier, Senior Civil Engineer, Senior Civil Engineer, Senior Civil Engineer, Senior Civil Engineer, Senior Civil Engineer, Senior Civil Engineer, Senior Civil Engineer, Senior Civil Engineer, Senior Civil Engineer, Senior Civil Engineer, Senior Civil Engineer, Senior Civil Engineer, Senior Civil Engineer, Senior Civil Engineer, Senior Clerk/Typist, Senior Clerk/Typist, Senior Combination Inspector, Senior Combination Inspector, Senior Combination Inspector, Senior Combination Inspector, Senior Combination Inspector, Senior Combination Inspector, Senior Combination Inspector, Senior Combination Inspector, Senior Combination Inspector, Senior Combination Inspector, Senior Combination Inspector, Senior Combination Inspector, Senior Electrical Engineer, Senior Electrical Engineer, Senior Electrical Engineer, Senior Electrical Inspector, Senior Electrical Inspector, Senior Engineering Geologist, Senior Fire Protection Engineer, Senior Fire Protection Engineer, Senior Land Surveyor, Senior Legislative Recorder, Senior Life Safety Inspector, Senior Management Analyst, Senior Management Analyst, Senior Management Analyst, Senior Management Analyst, Senior Management Analyst, Senior Management Analyst, Senior Mechanical Engineer, Senior Mechanical Engineer, Senior Mechanical Inspector, Senior Mechanical Inspector, Senior Planner, Senior Planner, Senior Planner, Senior Planner, Senior Planner, Senior Planner, Senior Planner, Senior Planner, Senior Planner, Senior Planner, Senior Planner, Senior Planner, Senior Planner, Senior Planner, Senior Planner, Senior Planner, Senior Planner, Senior Planner, Senior Planner, Senior Planner, Senior Planner, Senior Planner, Senior Structural Inspector, Senior Structural Inspector, Senior Structural Inspector, Senior Traffic Engineer, Senior Traffic Engineer, Senior Traffic Engineer, Senior Traffic Engineer, Senior Zoning Investigator, Senior Zoning Investigator, Senior Zoning Investigator, Senior Zoning Investigator, Senior Zoning Investigator, Senior Zoning Investigator, Senior Zoning Investigator, Senior Zoning Investigator, Structural Engineering Associate, Structural Engineering Associate, Structural Engineering Associate, Structural Engineering Associate, Structural Engineering Associate, Structural Engineering Associate, Structural Engineering Associate, Structural Engineering Associate, Structural Engineering Associate, Structural Engineering Associate, Structural Engineering Associate, Structural Engineering Associate, Structural Engineering Associate, Structural Engineering Associate, Structural Engineering Associate, Structural Engineering Associate, Structural Engineering Associate, Structural Engineering Associate, Structural Engineering Associate, Structural Engineering Associate, Structural Engineering Associate, Structural Engineering Associate, Structural Engineering Associate, Structural Engineering Associate, Structural Engineering Associate, Structural Engineering Associate, Structural Engineering Associate, Structural Engineering Senior, Structural Engineering Senior, Structural Engineering Senior, Structural Engineering Senior, Structural Engineering Senior, Structural Engineering Senior, Structural Engineering Senior, Structural Engineering Senior, Structural Engineering Senior, Structural Engineering Senior, Structural Engineering Senior, Structural Engineering Senior, Structural Inspector I, Structural Inspector I, Structural Inspector I, Structural Inspector I, Structural Inspector I, Structural Inspector II, Structural Inspector II, Structural Inspector II, Structural Inspector II, Structural Inspector II, Structural Inspector II, Structural Inspector II, Structural Inspector II, Structural Inspector II, Structural Inspector II, Student Engineer, Student Engineer, Student Engineer, Student Engineer, Student Intern, Student Intern, Student Intern, Supervising Development Project Manager, Supervising Development Project Manager, Supervising Development Project Manager, Supervising Development Project Manager, Supervising Development Project Manager, Supervising Management Analyst, Supervising Management Analyst, Supervising Management Analyst, Supervising Plan Review Specialist, Supervising Plan Review Specialist, Supervising Plan Review Specialist, Supervising Plan Review Specialist, Supervising Plan Review Specialist, Supervising Plan Review Specialist, Supervising Plan Review Specialist, Supervising Plan Review Specialist, Supervising Plan Review Specialist, Supervising Plan Review Specialist, Supervising Plan Review Specialist, Trainer, Trainer, Training Supervisor, Zoning Investigator I, Zoning Investigator I, Zoning Investigator I, Zoning Investigator I, Zoning Investigator I, Zoning Investigator II, Zoning Investigator II, Zoning Investigator II, Zoning Investigator II, Zoning Investigator II, Zoning Investigator II, Zoning Investigator II, Zoning Investigator II, Zoning Investigator II, Zoning Investigator II, Zoning Investigator II, Zoning Investigator II, Zoning Investigator II, Zoning Investigator II, Zoning Investigator II, Zoning Investigator II, Zoning Investigator II, Zoning Investigator II, Zoning Investigator II, Zoning Investigator II, Zoning Investigator II, Zoning Investigator II, Zoning Investigator II, Zoning Investigator II, Zoning Investigator II, Zoning Investigator II, Zoning Investigator II, Zoning Investigator II, Zoning Investigator II, Zoning Investigator II",85076320.0,1408937.0,San Diego
CIT.356,SAN DIMAS,CITY,Community Development,,Yes,,27,"Administrative Assistant, Administrative Assistant, Associate Planner, Building Inspector II, Building Permit Technician I/II, Building/Safety Manager, Code Compliance Officer, Code Compliance Officer, Code Compliance Supervisor, Director Of Development Services, Housing Manager, Housing Services Coordinator, Management Aide, Management Analyst, Parking Enforcement Officer II Pt, Parking Enforcement Officer Pt, Parking Enforcement Officer Pt, Parking Enforcement Officer Pt, Parking Enforcement Officer Pt, Parking Enforcement Officer Pt, Planning Assistant, Planning Assistant, Planning Intern, Planning Intern, Senior Building Inspector, Senior Management Analyst, Senior Planner",1962715.0,34209.0,Los Angeles
CIT.357,SAN FERNANDO,CITY,,,,,,,,,
CIT.358,SAN FRANCISCO,CITY,,,,,,,,,
CIT.359,SAN GABRIEL,CITY,Community Development,,Yes,,17,"Administrative Assistant I (Part Time), Administrative Assistant II, Assistant Community Development Director, Assistant Planner, Associate Planner, Building Inspector, Building Official, Code Enforcement Officer, Code Enforcement Officer, Community Development Director, Economic Development Manager, Executive Assistant, Management Analyst, Management Assistant, Permit Center Coordinator, Senior Code Enforcement Officer, Senior Planner",1552564.0,38953.0,Los Angeles
CIT.360,SAN JACINTO,CITY,Community Development,,Yes,,19,"Administrative Assistant, Administrative Assistant, Associate Planner, Associate Planner, Building Inspector I, Code Enforcement Officer, Code Enforcement Officer, Code Enforcement Officer, Code Enforcement Officer, Code Enforcement Officer II Lead, Comm. Develop. Assist., Community Development Clerk, Community Development Manager, Deputy City Manager, Development Services Tech I, Planning Manager, Principal Planner, Principal Planner, Sr. Building Inspector",1874513.0,54990.0,Riverside
CIT.361,SAN JOAQUIN,CITY,,,,,,,,,
CIT.362,SAN JOSE,CITY,,,,,,,,,
CIT.363,SAN JUAN BAUTISTA,CITY,,,,,,,,,
CIT.364,SAN JUAN CAPISTRANO,CITY,Development Services,,Yes,,16,"Administrative Coordinator, Assistant Planner, Associate Planner, Building And Grading Inspector, Building And Grading Inspector, Building Official, Code Enforcement Officer, Director, Permit Technician, Permit Technician, Principal Planner, Senior Building And Grading Inspector, Senior Code Enforcement Officer, Senior Management Analyst, Senior Permit Technician, Senior Planner",1669425.0,35329.0,Orange
CIT.365,SAN LEANDRO,CITY,Community Development,,Yes,,32,"Administrative Assistant II, Administrative Assistant II, Administrative Assistant II, Administrative Assistant III, Assistant Comm Dev Director, Associate Planner, Associate Planner, Associate Planner, Building Inspector, Building Inspector, Building Inspector, Chief Building Official, College Intern, Comm Preservation Supervisor, Community Development Director, Economic Development Manager, Extra Help Retired Annuitant, Housing Manager, Permits Center Coordinator, Permits Clerk, Permits Clerk, Permits Clerk, Permits Technician, Permits Technician, Planning Manager, Plans Examiner, Project Specialist I, Project Specialist I, Project Specialist II, Senior Building Inspector, Senior Planner, Senior Project Specialist",3433130.0,87813.0,Alameda
CIT.366,SAN LUIS OBISPO,CITY,Building And Safety,,Yes,,18,"Building Inspector I, Building Inspector I, Building Inspector II, Building Inspector II, Building Permit Services Supervisor, Code Enforcement Officer II, Code Enforcement Officer II, Code Enforcement Supervisor, Code Enforcement Technician I, Code Enforcement Technician II, Deputy Building Official Pers Retiree, Deputy Director Of Community Development Chief Building Official, Permit Technician I, Permit Technician II, Plans Examiner, Plans Examiner Pers Retiree, Storm water Code Enforcement Officer, Supervising Building Inspector",1528443.0,49534.0,San Luis Obispo
CIT.367,SAN MARCOS,CITY,Development Services,,Yes,,49,"Administrative Analyst, Assistant Engineer, Assistant Engineer, Assistant Planner, Associate Civil Engineer, Associate Engineer, Associate Planner, Associate Planner, Associate Planner, Building Inspector II, City Traffic Engineer, Code Compliance Officer (Ft), Code Compliance Officer (Pt), Code Compliance Supervisor, Construction Manager, Deputy City Engineer, Director Development Services/City Engineer, Engineering Aid, Engineering Inspector, Engineering Inspector, Gis Technician, Management Analyst, Office Assistant, Office Assistant, Office Assistant, Office Assistant, Office Assistant, Office Assistant, Office Assistant, Office Specialist, Permit Technician (Pt), Permit Technician I, Permit Technician II, Planning Director, Plans Examiner, Principal Civil Engineer, Principal Planner, Program Manager, Program Manager, Senior Civil Engineer, Senior Management Analyst, Senior Office Specialist, Senior Office Specialist, Senior Planner, Senior Planner, Senior Project Manager, Sustainability Program Manager, Watershed Program Manager, Watershed Program Technician",3761167.0,97123.0,San Diego
CIT.368,SAN MARINO,CITY,,,,,,,,,
CIT.369,SAN MATEO,CITY,Community Development,,Yes,,67,"Admin Technician CDD, Admin Technician CDD-Housing, Administrative Assistant CDD, Administrative Assistant CDD, Administrative Assistant CDD, Administrative Assistant CDD, Assistant Planner, Assistant Planner, Assistant Planner, Associate Planner, Associate Planner, Associate Planner, Associate Planner, Associate Planner, Bldg. Inspector II, Building Inspector I, Building Inspector I, Building Inspector I, Building Inspector I, Building Inspector II, Building Inspector II, Building Official, Business Manager CDD, Code Enforcement Manager, Code Enforcement Manager Per Diem, Code Enforcement Officer I, Code Enforcement Officer I, Code Enforcement Officer II, Code Enforcement Officer II, Deputy Comm Development Director Per Diem, Dev Rev Technician Per Diem, Development Review Technician I, Development Review Technician I, Development Review Technician I, Development Review Technician II, Development Review Technician II, Development Review Technician II, Development Review Technician Senior, Development Review Technician Senior, Director Community Development, Housing & Neighborhood Service Manager, Housing & Neighborhood Service Manager, Housing Specialist I, Housing Specialist I Per Diem, Housing Specialist II, Housing Specialist II, Inspection Supervisor, Managing Arborist, Office Assistant II Cdd, Office Assistant II Cdd, Permit Center Supervisor, Plan Check Engineer, Plan Check Supervisor, Plan Checker I, Plan Checker I, Plan Checker II, Plan Checker II, Planning Manager, Principal Planner, Principal Planner, Senior Business Systems Analyst CDD, Senior Code Enf Officer, Senior Mgt Analyst CDD, Senior Planner, Senior Planner, Student Assistant Per Diemcdd, Student Intern CDD Per Diem",5968252.0,104315.0,San Mateo
CIT.370,SAN PABLO,CITY,,,,,,,,,
CIT.371,SAN RAFAEL,CITY,Community And Economic Development,,Yes,,28,"Administrative Assistant II, Assistant Community And Economic Development Director, Assistant Community And Economic Development Director, Assistant Planner, Associate Planner, Building Inspector I, Building Inspector II, Building Inspector II, Code Enforcement Official I, Code Enforcement Official II, Code Enforcement Official II, Community Services Division Director, Deputy Building Official, Director Of Community And Economic Development, Executive Professional Temp, Housing Manager, Paraprofessional Temp, Permit Services Supervisor, Permit Technician I, Permit Technician I, Permit Technician II, Permit Technician II, Planning Manager, Principal Planner, Principal Planner, Senior Code Enforcement Supervisor, Senior Management Analyst II, Senior Planner",2422230.0,59885.0,Marin
CIT.372,SAN RAMON,CITY,,,,,,,,,
CIT.373,SAND CITY,CITY,,,,,,,,,
CIT.374,SANGER,CITY,Development Services,,Yes,,18,"Building Inspector, Building Inspector, Building Official, Code Enforcement Officer, Community Development Director, Planning Commissioner, Planning Commissioner, Planning Commissioner, Planning Commissioner, Planning Commissioner, Planning Commissioner, Program Technician, Program Technician, Provisional Senior Code Enforcement Officer, PT Summer Intern, PT Summer Intern, Senior Code Enforcement Officer, Senior Planner",452677.0,27037.0,Fresno
CIT.375,SANTA ANA,CITY,,,,,,,,,
CIT.376,SANTA BARBARA,CITY,CD-Building Insp & Code Enforcement,,Yes,,9,"0305 Chief Building Official, 1431 Building Inspector, 1431 Building Inspector, 1431 Building Inspector, 1574 Sr Building Inspector Specialty, 1574 Sr Building Inspector Specialty, 1574 Sr Building Inspector Specialty, 4009 Building And Safety Supervisor, 4009 Building And Safety Supervisor",1028429.0,86451.0,Santa Barbara
CIT.377,SANTA CLARA,CITY,Community Development,,Yes,,92,"Assistant Building Official, Assistant Planner, Assistant Planner, Associate Planner, Associate Planner, Associate Planner, Building Official, Code Enforcement Officer, Code Enforcement Technician, Code Enforcement Technician, Code Enforcement Technician, Combination Inspector, Combination Inspector, Combination Inspector, Combination Inspector, Combination Inspector, Customer Service Representative - Permit, Customer Service Representative - Permit, Development Review Officer, Director Of Community Development, Director Of Community Development, Housing And Community Services Division Manager, Housing Development Officer, Housing Inspector, Inspection Manager, Management Analyst, Management Analyst, Management Analyst, Management Analyst, Office Assistant, Office Specialist II, Office Specialist II, Office Specialist II, Office Specialist II, Office Specialist III, Office Specialist III, Office Specialist III, Permit Center Supervisor, Permit Technician, Permit Technician, Permit Technician, Permit Technician, Permit Technician, Permit Technician, Permit Technician, Plan Review Manager, Planning Manager, Plans Examiner, Plans Examiner, Plans Examiner, Plans Examiner, Principal Planner, Principal Planner, Senior Inspector, Senior Inspector, Senior Inspector, Senior Inspector, Senior Inspector, Senior Inspector, Senior Permit Technician, Senior Permit Technician, Senior Plan Examiner, Senior Plan Examiner, Senior Plan Examiner, Senior Plan Examiner, Senior Plan Examiner, Senior Planner, Senior Planner, Staff Aide II, Staff Analyst I, Staff Analyst I, Staff Analyst I, Staff Analyst II, Temporary Employee, Temporary Employee, Temporary Employee, Temporary Employee, Temporary Employee, Temporary Employee, Temporary Employee, Temporary Employee, Temporary Employee, Temporary Employee, Temporary Employee, Temporary Employee, Temporary Employee, Temporary Employee, Temporary Employee, Temporary Employee, Temporary Employee, Temporary Employee, Temporary Employee",9948208.0,134587.0,Santa Clara
CIT.378,SANTA CLARITA,CITY,Building And Safety,,Yes,,29,"Administrative Assistant, Assistant Engineer, Building Inspector II, Building Inspector II, Building Inspector II, Building Inspector II, Building Inspector II, Building Inspector II, Building Inspector II, City Building Official, Engineer, Engineer, Engineer, Office Assistant, Office Assistant, Office Assistant, Permit Specialist, Permit Specialist, Permit Specialist, Project Development Coordinator, Project Development Coordinator, Project Manager, Pts Office / Administrative Support, Pts Office / Administrative Support, Senior Building Inspector, Senior Building Inspector, Senior Engineer, Senior Engineer, Supervising Building Inspector",2668005.0,232377.0,Los Angeles
CIT.379,SANTA CRUZ,CITY,Pl - Inspection Services,,Yes,,10,"Chief Building Official, Deputy Building Official, Green Building Enviro Specialist, Management  Analyst, Management Prof & Tech Assistant, Planning & Community Development Technician, Senior Building Inspector, Senior Building Inspector, Supervising Building Inspector, Temp-Plan & Comm Dev Tech",1021608.0,62972.0,Santa Cruz
CIT.380,SANTA FE SPRINGS,CITY,,,Caveat,Contract out to LA County. See Link: https://dpw.lacounty.gov/bsd/content/contractcities.aspx,0,,,,
CIT.381,SANTA MARIA,CITY,Community Development,,Yes,,32,"Administrative Assistant, Administrative Leader, Associate Planner, Associate Planner, Building Division Manager, Building Inspector I, Building Inspector I, Building Inspector I, Building Inspector II, Building Inspector II, Building Permit Technician I, Building Permit Technician II, Building Permit Technician II, Community Programs Manager, Deputy Building Official, Grants Specialist II, Housing & Community Services Technician, Intern - Profession, Intern - Profession, Planning Commissioner, Planning Commissioner, Planning Commissioner, Planning Commissioner, Planning Commissioner, Planning Division Manager, Plans Examiner, Plans Examiner, Principal Planner, Senior Planner, Senior Planner, Senior Plans Examiner, Sr Building Permit Technician",2309411.0,112208.0,Santa Barbara
CIT.382,SANTA MONICA,CITY,Building & Safety,,Yes,,33,"1035 Senior Administrative Analyst, 1181 PR Plan Check Engineer, 1181 PR Plan Check Engineer, 1184 Plan Check Supervisor, 1185 Senior Plan Check Engineer, 1185 Senior Plan Check Engineer, 1185 Senior Plan Check Engineer, 1187 Assistant Plan Check Engineer, 1216 Permit Services Administrator, 4011 Building & Safety Permit Specialist I, 4011 Building & Safety Permit Specialist I, 4012 Building & Safety Permit Specialist II, 4012 Building & Safety Permit Specialist II, 4012 Building & Safety Permit Specialist II, 4012 Building & Safety Permit Specialist II, 4024 Combination Building Inspector I, 4024 Combination Building Inspector I, 4025 Combination Building Inspector II, 4026 Combination Building Inspector III, 4026 Combination Building Inspector III, 4026 Combination Building Inspector III, 4026 Combination Building Inspector III, 4026 Combination Building Inspector III, 4026 Combination Building Inspector III, 4082 Lead Building & Safety Permit Specialist, 4084 Lead Combination Building Inspector, 4112 Plans Examiner III - Mechanic/Plumber, 4114 Plans Examiner I - Mechanic/Plumber, 4144 Staff Assistant III, 7060 Building & Safety Manager, 7087 Building Official, 8021 Inspection Supervisor, 9042 Customer Services Assistant",3747956.0,93212.0,Los Angeles
CIT.383,SANTA PAULA,CITY,Planning,,Yes,,15,"Administrative Analyst I, Administrative Assistant, Assistant Planner, Building Inspector I, Chief Building Official, Code Enforcement Inspector, Community Development Director, Management Analyst, Permit Technician, Planning Commissioner, Planning Commissioner, Planning Commissioner, Planning Commissioner, Planning Commissioner, Planning Manager",1012643.0,31658.0,Ventura
CIT.384,SANTA ROSA,CITY,Planning & Economic Develop,,Yes,,92,"Administrative Analyst, Administrative Analyst, Administrative Secretary, Administrative Secretary, Administrative Secretary, Administrative Secretary, Administrative Secretary, Administrative Secretary, Administrative Service Officer, Administrative Technician, Administrative Technician, Arts & Culture Coordinator, Assist Chief Building Official, Assistant Engineer, Associate Civil Engineer, Building Inspector, Building Inspector, Building Inspector, Building Inspector, Building Inspector, Building Inspector, Building Plans Examiner, Building Plans Examiner, Building Plans Examiner, Chief Building Official, Chief Building Official, City Planner, City Planner, City Planner, City Planner, City Planner, Civil Engineering Tech II, Civil Engineering Tech III, Civil Engineering Tech III, Civil Engineering Tech III, Civil Engineering Tech III, Code Enforcement Officer, Code Enforcement Officer, Code Enforcement Officer, Code Enforcement Officer, Code Enforcement Officer, Code Enforcement Officer, Community Development Tech, Community Development Tech, Community Development Tech, Community Development Tech, Community Development Tech, Community Development Tech, Community Development Tech, Dep Dir Commun Dev - Planning, Dep Dir Development Services, Dep Dir Development Services, Dep Dir Economic Development, Development Review Coordinator, Development Review Coordinator, Dir Of Planning & Econ Develop, Housing & Community Service Technician, Housing & Community Service Technician, Housing & Community Service Technician, Housing & Community Service Technician, Housing & Community Service Technician, Interim Professional, Intern - General, Intern - General, Plan Check Engineer, Program Specialist II, Quality Control Associate, Quality Control Associate, Quality Control Associate, Quality Control Associate, Senior Planner, Senior Planner, Senior Planner, Senior Planner, Senior Planner, Sr Administrative Assistant, Sr Administrative Assistant, Sr Administrative Assistant, Sr Administrative Assistant, Sr Administrative Assistant, Sr Administrative Assistant, Sr Administrative Assistant, Sr Administrative Assistant, Sr Building Inspector, Sr Building Inspector, Sr Code Enforcement Officer, Sr Code Enforcement Officer, Sr Community Development Tech, Supervising Engineer, Supervising Engineer, Supervising Planner, Supervising Planner",6813537.0,178452.0,Sonoma
CIT.385,SANTEE,CITY,Building,,Yes,,4,"Building Development Tech I, Building Development Tech II, Building Official, Senior Building Inspector",378799.0,59568.0,San Diego
CIT.386,SARATOGA,CITY,Community Development,,Yes,,17,"Administrative Analyst II, Arborist, Building Inspector, Building Inspector, Building Inspector, Building Official, Code Compliance Officer, Community Development Director, Development Services Assistant, Engineer - Associate Civil, Facility Maintenance Lead, Facility Maintenance Manager, Facility Maintenance Worker III, Permit Technician, Planner - Associate, Planner - Senior, Planner - Senior",2138885.0,31110.0,Santa Clara
CIT.387,SAUSALITO,CITY,,,,,,,,,
CIT.388,SCOTTS VALLEY,CITY,Community Development,,Yes,,6,"Associate Planner, Building Official, Building Permit Technician, Community Development Director, Senior Building Permit Technician, Senior Planner",645481.0,11831.0,Santa Cruz
CIT.389,SEAL BEACH,CITY,,,,,,,,,
CIT.390,SEASIDE,CITY,Building Division,,Yes,,9,"Administrative Assistant, Administrative Assistant, Administrative Assistant - Pt, Building Inspector, Chief Building Official, Chief Building Official, Code Compliance Coordinator, Code Compliance Specialist, Senior Administrative Assistant",529593.0,32019.0,Monterey
CIT.391,SEBASTOPOL,CITY,,,,,,,,,
CIT.392,SELMA,CITY,,,,,,,,,
CIT.393,SHAFTER,CITY,Building Official,,Yes,,1,2000-Building Official,230706.0,23455.0,Kern
CIT.394,SHASTA LAKE,CITY,Development Services,,Yes,,6,"Building Official, Dev Services Tech II, Permit Center Manager, Retired Annuitant - Planner, Senior Building Inspector, Senior Planner",491063.0,10133.0,Shasta
CIT.395,SIERRA MADRE,CITY,,,,,,,,,
CIT.396,SIGNAL HILL,CITY,,,,,,,,,
CIT.397,SIMI VALLEY,CITY,Environmental Services,,Yes,,55,"Accounting Technician I, Administrative Assistant, Administrative Officer, Administrative Officer, Assistant Planner, Assistant Planner, Associate Engineer, Associate Planner, Associate Planner, Associate Planner, Building Inspector II, Building Inspector II, Building Inspector II, Building Inspector II, Code Compliance Manager, Code Compliance Officer, Code Compliance Officer, Code Compliance Officer, Code Compliance Officer, Code Compliance Officer, Code Compliance Officer, Community Services Coordinator, Counter Services Technician I, Counter Services Technician II, Counter Services Technician II, Counter Services Technician II, Deputy Environmental Services Director, Deputy Environmental Services Director (Building Official), Deputy Environmental Services Director (City Planner), Electrical Inspector, Environmental Services Director, Management Analyst, Management Analyst, Management Analyst, Management Assistant, Office Specialist II, Office Specialist II, Office Specialist II, Permit Services Coordinator, Planning Commissioner, Planning Commissioner, Planning Commissioner, Planning Commissioner, Planning Commissioner, Planning Intern, Planning Intern, Principal Engineer, Principal Planner/Zoning Administrator, Principal Planner/Zoning Administrator, Senior Engineer, Senior Management Analyst, Senior Management Analyst, Senior Planner, Senior Planner, Supervising Building Inspector",4263283.0,124815.0,Ventura
CIT.398,SOLANA BEACH,CITY,,,,,,,,,
CIT.399,SOLEDAD,CITY,,,,,,,,,
CIT.400,SOLVANG,CITY,,,,,,,,,
CIT.401,SONOMA,CITY,Building,,Yes,,5,"Building Inspector II, Chief Building Official, Development Services Director/Building Official, Development Services Supervisor, Plans Examiner",264431.0,10507.0,Sonoma
CIT.402,SONORA,CITY,,,,,,,,,
CIT.403,SOUTH EL MONTE,CITY,,,,,,,,,
CIT.404,SOUTH GATE,CITY,Community Development,,Yes,,32,"Assistant Planner, Assistant Planner, Associate Planner, Building Inspector, Building Inspector, Building Official, Code Enforcement Officer, Code Enforcement Officer, Code Enforcement Officer Hourly, Code Enforcement Officer Hourly, Code Enforcement Officer Hourly, Code Enforcement Officer Hourly, Community Develop Technician III, Community Development Intern - Hourly, Community Development Intern - Hourly, Community Development Technician II, Director Of Community Development, Housing Assistant, Housing Manager, Housing Specialist, Housing Specialist Hourly, Management Analyst, Planning Manager, Senior Building Inspector, Senior Code Enforcement Officer, Senior Community Development Technician, Senior Housing Specialist, Senior Planner, Senior Planner, Senior Secretary, Special Projects Coordinator, Special Projects Coordinator",2022209.0,92955.0,Los Angeles
CIT.405,SOUTH LAKE TAHOE,CITY,Development Services,,Yes,,17,"Administrative Clerk II, Assistant Planner, Assistant Planner, Assistant Planner, Associate Management Analyst, Building Inspector, Building Official, Director of Development Services, Housing Inspector, Housing Manager, Permit Center Technician, Planning Manager, Principal Building Inspector, Program Coordinator, Senior Building Inspector, Senior Permit Center Tech, Senior Planner",1506024.0,21022.0,El Dorado
CIT.406,SOUTH PASADENA,CITY,,,,,,,,,
CIT.407,SOUTH SAN FRANCISCO,CITY,ECD Building,,Yes,,11,"Administrative Assistant I, Building Inspector, Building Inspector, Building Inspector, Building Inspector, Building Inspector - Senior, Building Inspector - Senior, Building Official, Building Official - Assistant, Permit Technician, Permit Technician - Senior",1389766.0,65397.0,San Mateo
CIT.408,SAINT HELENA,CITY,,,,,,,,,
CIT.409,STANTON,CITY,,,,,,,,,
CIT.410,STOCKTON,CITY,Cd Deputy Building Official,,Yes,,1,2017 Deputy Building Official,140854.0,320877.0,San Joaquin
CIT.411,SUISUN CITY,CITY,Planning,,Yes,,5,"Administrative Technician - Limited Term, Code Enforce Officer II, Development Services Director, Extra Help - Economic/Development, Principal Planner",449745.0,29036.0,Solano
CIT.412,SUNNYVALE,CITY,Building Safety,,Yes,,24,"Building Inspector 1, Building Inspector 1, Building Inspector 2, Building Inspector 2, Building Inspector 2, Building Inspector 2, Building Inspector 2, Building Inspector 2, Chief Building Official, Permit Center Coordinator, Permit Center Manager, Permit Clerk 1, Permit Clerk 2, Permit Clerk 2, Permit Clerk 2, Permit Technician, Plan Check Engineer, Plan Check Engineer, Plan Checker 1, Plan Checker 1, Plan Checker 2, Senior Building Inspector, Senior Building Inspector, Senior Plan Check Engineer",3107362.0,159673.0,Santa Clara
CIT.413,SUSANVILLE,CITY,Public Works,,Yes,,34,"Administrative Assistant, Air Quality Specialist, Assistant Engineer, Assistant Public Works Director - Engineering, Assistant Public Works Director - Operations, Building Official, City Planner, Code Enforcement Officer, Code Enforcement Officer, Gas Technician II, Gas Technician II, Gas Technician II, Gas Utility Supervisor, Maintenance Worker I, Maintenance Worker I, Maintenance Worker I, Maintenance Worker II, Maintenance Worker II, Mechanic II/III, Parks Maintenance Worker II, Parks/Facilities Superintendent, Parks/Facilities Superintendent, Part Time Parks Maintenance Worker, Permit Technician, Program Coordinator, Public Works Director, Street Maintenance Supervisor, Street Maintenance. Operator II, Utility Services Technician, Water System Operator II, Water System Operator II, Water System Operator II, Water Utility Supervisor, Water Utility Supervisor",2029277.0,12270.0,Lassen
CIT.414,SUTTER CREEK,CITY,,,,,,,,,
CIT.415,TAFT,CITY,,,,,,,,,
CIT.416,TEHACHAPI,CITY,Development Services,,Yes,,11,"Administrative Analyst, Assistant Engineer, Assistant Engineer, Building Inspector, City Engineer, Development Services Director, Development Services Technician, Development Services Technician, Part Time Office Assistant, Planner, Planner",839206.0,11476.0,Kern
CIT.417,TEHAMA,CITY,,,,,,,,,
CIT.418,TEMECULA,CITY,Building & Safety,,Yes,,17,"Administrative Assistant, Administrative Assistant, Building Inspector I, Building Inspector II, Building Inspector II, Building Inspector II, Building Official, Building Official, Code Enforcement Officer I, Code Enforcement Officer II, Code Enforcement Officer II, Code Enforcement Officer II, Field Supervisor (Code), Plan Checker, Senior Building Inspector, Senior Building Inspector, Sr Code Enforcement Officer",1594653.0,112220.0,Riverside
CIT.419,TEMPLE CITY,CITY,,,,,,,,,
CIT.420,THOUSAND OAKS,CITY,Community Development,,Yes,,55,"Administrative Specialist, Assistant Planner, Associate Planner, Associate Planner, Building Inspection Supervisor, Building Official/Building Div Manager, Building Official/Building Div Manager, Code Compliance Officer II, Code Compliance Officer II, Code Compliance Officer II, Code Compliance Supervisor, Combination Building Inspector I, Combination Building Inspector II, Combination Building Inspector II, Combination Building Inspector II, Combination Building Inspector II, Community Devel Director, Community Devel Operations Manager, Community Development Analyst, Community Development Analyst, Community Development Analyst, Community Development Tech I, Community Development Tech I, Community Development Tech I, Community Development Tech I, Community Development Tech II, Community Development Tech II, Community Development Tech II, Community Development Tech II, Cosca Administrator, Deputy Community Dev Director, Hourly City Worker-Admin Aide, Hourly City Worker-Admin Aide, Hourly City Worker-Admin Aide, Office Supervisor, Plan Check Assistant, Plan Check Associate, Plan Check Associate, Plan Check Supervisor, Planning Division Manager, Planning Division Manager, Records Management Specialist, Senior Administrative Specialist, Senior Administrative Specialist, Senior Code Compliance Officer, Senior Combination Building Inspector, Senior Combination Building Inspector, Senior Community Development Tech, Senior Community Development Tech, Senior Planner, Senior Planner, Senior Planner, Senior Planner, Senior Planner, Senior Recording Secretary",5202315.0,122468.0,Ventura
CIT.421,TORRANCE,CITY,Community Development,,Yes,,81,"Admin Analyst -Tier 1, Admin Project Aide, Administrative Assistant I/II, Administrative Assistant I/II, Administrative Assistant I/II, Assistant Engineer, Assistant Engineer, Assistant Engineer, Assistant Engineer, Assistant Engineer, Assistant Engineer, Associate Engineer, Bldg Inspection Supervisor, Building Official, Building Regulations Adminstr, Code Enforcement Officer, Code Enforcement Officer, Code Enforcement Officer, Community Development Director, Electrical Inspector, Senior, Engineering Services Manager, Engineering Technician I, Engineering Technician I, Engineering Technician I, Engineering Technician I, Engineering Technician I, Engineering Technician III, Environmental Qual Officer, Environmental Qual Officer, Environmental Qual Officer, Environmental Qual Officer, Senior, Housing Specialist, Housing Specialist, Housing Specialist, Housing Specialist, Housing Supervisor, Inspector, Building, Inspector, Building, Inspector, Mech & Plumbing, Senior, Inspector, Mech & Plumbing, Senior, Inspector, Public Works, Inspector, Public Works, Inspector, Public Works, Intern II, Management Assistant, Neighborhood Services Manager, Permit Center Supervisor, Permit Center Supervisor, Permit Technician I, Permit Technician I, Permit Technician I, Permit Technician II, Permit Technician II, Planning Assistant, Planning Assistant, Planning Assistant, Planning Assistant, Planning Assistant, Planning Assistant, Planning Associate, Planning Associate, Planning Associate, Planning Associate, Planning Associate, Planning Associate, Planning Associate, Planning Associate, Planning Associate, Planning Manager, Planning Manager, Plans Examiner, Plans Examiner, Plans Examiner, Plans Examiner, Senior Building Inspector, Senior Building Inspector, Senior Business Manager, Senior Code Enforcement Officer, Supervising Admin Assistant, Supervising Plans Examiner, Systems Analyst",6232270.0,143261.0,Los Angeles
CIT.422,TRACY,CITY,Ds Building Division,,Yes,,16,"Building Inspector I, Building Inspector II, Building Inspector II, Building Inspector II, Building Inspector II, Building Inspector II, Building Inspector II, Building Official, Building Permit Technician 1, Building Permit Technician II, Building Permit Technician II, Plan Check Engineer, Plan Examiner 1, Plan Examiner II, Plan Examiner II, Super Building Nspector",1802927.0,98215.0,San Joaquin
CIT.423,TRINIDAD,CITY,,,,,,,,,
CIT.424,TULARE,CITY,Dev Services - Building Services,,Yes,,5,"Building Inspector I, Chief Building Official, Permit Center Coordinator, Permit Technician, Permit Technician",344037.0,73002.0,Tulare
CIT.425,TULELAKE,CITY,,,,,,,,,
CIT.426,TURLOCK,CITY,Development Services/Planning,,Yes,,7,"Development Services Director, Part Time Employee, Part Time Employee, Planner, Assistant, Planner, Assistant, Planner, Senior, Staff Services Technician",482486.0,72219.0,Stanislaus
CIT.427,TUSTIN,CITY,Community Development Building,,Yes,,12,"Administrative Assistant, Administrative Intern PT, Building Inspector, Building Inspector, Building Inspector, Building Official, Building Permit Technician, Plans Examiner, Senior Building Inspector, Senior Building Permit Tech, Senior Building Permit Tech, Temporary Employee",876841.0,79326.0,Orange
CIT.428,TWENTYNINE PALMS,CITY,,,,,,,,,
CIT.429,UKIAH,CITY,Community Planning,,Yes,,7,"1550 Community Development Director, 2574 Chief Building Official, 2575 Chief Planning Manager, 2621 Planning Manager, 2624 Project & Grant Administrator, 6630 Community Development Tech I, 6937 Community Development Tech II",747669.0,16325.0,Mendocino
CIT.430,UNION CITY,CITY,,,,,,,,,
CIT.431,UPLAND,CITY,Development Services,,Yes,,21,"Administrative Assistant, Assistant Engineer, Assistant Engineer, Assistant Planner, Assistant Planner, Budget Specialist, Building Inspector I, Building Inspector II, Building Official, Development Services Director, Development Services Specialist, Development Services Technician II, Economic Development Coordinator, Engineering Technician, Housing Coordinator, Housing Manager, Management Analyst II, Planning Manager, Principal Engineer, Senior Building Inspector, Senior Planner",2063090.0,79140.0,San Bernardino
CIT.432,VACAVILLE,CITY,Community Development,,Yes,,32,"Assistant Director Of Community Development, Assistant Planner, Assistant Planner, Assistant Planner, Assistant Planner, Assistant Planner, Associate Planner, Building Inspector, Building Inspector, Building Inspector/Plans Examiner, Building Plans Examiner, Building Services Coordinator, Chief Building Official, Director Of Community Development, Executive Assistant, Management Analyst II, Office Assistant I (PT), Permit Technician, Permit Technician, Permit Technician (PT), Plan Check Engineer, Planning Manager, Senior Planner, Special Project Coordinator (PT), Student Employee-HS (PT), Student Employee-HS (PT), Student Employee-HS (PT), Student Intern-College (PT), Student Intern-College (PT), Student Intern-College (PT), Student Intern-College (PT), Student Intern-College (PT)",1943441.0,103181.0,Solano
CIT.433,VALLEJO,CITY,Planning & Development Services,,Yes,,41,"Accounting Clerk II, Administrative Analyst I, Administrative Analyst II, Administrative Analyst II, Assistant Planner, Assistant Planner, Assistant Planner, Associate Planner, Building Inspection Manager, Building Inspector I, Building Inspector I, Building Inspector I, Building Permit Technician I, Chief Building Official, Chief Building Official, Code Enforcement Manager, Code Enforcement Officer, Code Enforcement Officer, Code Enforcement Officer, Code Enforcement Officer, Code Enforcement Officer, Development Permit Coordinator, Economic Development Director, Economic Development Program Manager, Economic Development Program Manager, Economic Development Program Manager, Executive Secretary - C, Executive Secretary - C, Plan Check Engineer, Planning And Development Services Director, Planning And Development Services Director, Planning Manager, Planning Manager, Principal Planner, Secretary, Secretary, Secretary, Secretary, Senior Code Enforcement Officer, Senior Community Development Analyst, Senior Planner",2835016.0,122207.0,Solano
CIT.434,VENTURA,CITY,,,,,,,,,
CIT.435,VERNON,CITY,,,,,,,,,
CIT.436,VICTORVILLE,CITY,Building,,Yes,,22,"Administrative Analyst, Administrative Intern, Administrative Intern, Building Division Manager, Building Inspector, Building Inspector, Building Official, Deputy Fire Marshal, Fire Inspector, Fire Inspector, Fire Inspector, Licensing Technician, Office Aide, Office Assistant, Permit Technician, Permit Technician, Permit Technician, Permit Technician, Planning Technician, Secretary, Senior Building Inspector, Senior Plan Checker",1733984.0,141013.0,San Bernardino
CIT.437,VILLA PARK,CITY,,,,,,,,,
CIT.438,VISALIA,CITY,,,,,,,,,
CIT.439,VISTA,CITY,,,,,,,,,
CIT.440,WALNUT,CITY,,,,,,,,,
CIT.441,WALNUT CREEK,CITY,Building,,Yes,,19,"Building Inspection Supervisor, Building Inspector, Building Inspector, Building Inspector, Building Inspector, Building Inspector, Chief Building Official, Office Assistant II, Office Assistant II, Office Assistant II, Permit Center Supervisor, Permit Technician I, Permit Technician II, Permit Technician II, Permit Technician II, Plan Check Engineer, Plan Check Engineer, Plan Check Engineer, Plan Check Engineer",2078432.0,69927.0,Contra Costa
CIT.442,WASCO,CITY,,,,,,,,,
CIT.443,WATERFORD,CITY,,,,,,,,,
CIT.444,WATSONVILLE,CITY,Community Development,,Yes,,20,"Admin Analyst, Admin Analyst, Admin Analyst, Assistant Comm Dev Director, Assistant Planner, Associate Planner, Building Inspector, Building Inspector, Building Official, Code Enforcement Officer I, Code Enforcement Officer II, Comm Dev Director, Community Development Director, Develop Review Technician, Executive Assistant, Housing Manager, Permit Service Supervisor, Permit Technician, Senior Building Inspector, Senior Code Enforcement Officer",1988913.0,51101.0,Santa Cruz
CIT.445,WEED,CITY,,,,,,,,,
CIT.446,WEST COVINA,CITY,,,,,,,,,
CIT.447,WEST HOLLYWOOD,CITY,Building And Safety,,Yes,,10,"Associate Plan Check Engineer, Building & Safety Manager/Building Official, Building & Safety Permit Technician, Building & Safety Permit Technician, Building & Safety Permit Technician, Intern - Building And Safety Division, Senior Combination Building Inspector, Senior Combination Building Inspector, Senior Plan Check Engineer, Senior Plan Check Engineer",1574335.0,35284.0,Los Angeles
CIT.448,WEST SACRAMENTO,CITY,Community Development,,Yes,,41,"Administrative Analyst II, Assistant Engineer, Associate Engineer, Associate Planner, Associate Transport Planner, Building Inspector I, Building Inspector I, Building Inspector I, Chief Building Official, Code Enforcement Manager, Code Enforcement Officer I, Director Of Community Development, Engineering Technician III, Environmental Services & Sustainability Manager, Permit Services Manager, Permit Technician I - Extra Help, Permit Technician II, Permit Technician II, Permit Technician II, Plans Examiner I, Principal Engineer, Program Technician II, Secretary, Secretary, Senior Analyst, Senior Analyst, Senior Building Inspector, Senior Clerk, Senior Code Enforcement Officer, Senior Code Enforcement Officer, Senior Code Enforcement Officer, Senior Engineer, Senior Engineer, Senior Planner, Senior Planner, Senior Planner, Senior Transportation Planner, Student Intern, Student Intern, Supervising Transportation Planner, Sustainability Manager",3839696.0,55403.0,Yolo
CIT.449,WESTLAKE VILLAGE,CITY,,,Caveat,Contract out to LA County. See Link: https://dpw.lacounty.gov/bsd/content/contractcities.aspx,0,,,,
CIT.450,WESTMINSTER,CITY,Inspections,,Yes,,16,"Administrative Assistant, Building Official, Business License Inspector, Community Development Director, Interim Community Development Director, Intern, Intern, Management Analyst, Permit Technician, Permit Technician, Plan Checker/Inspector Aide /PT, Plan Checker/Inspector Aide /PT, Project Manager 960, Senior Combo Building Inspector, Senior Inspector, Sr. Administrative Assistant",1008678.0,90295.0,Orange
CIT.451,WESTMORLAND,CITY,,,,,,,,,
CIT.452,WHEATLAND,CITY,,,,,,,,,
CIT.453,WHITTIER,CITY,Community Development,,Yes,,26,"Administrative Intern, Administrative Intern, Administrative Secretary, Assistant Director Of Community Development, Assistant Planner, Assistant Planner, Associate Planner, Building Inspector I, Building Inspector II, Building Inspector II, Building Services Manager - Building Official, Clerical Temporary, Clerical Temporary, Clerical Temporary, Director Of Community Development, Office Supervisor, Permit Technician I/II 1-1-11, Permit Technician II, Principal Planner, Retired Annuitant Manager, Secretary, Senior Building Inspector/Plan Checker, Senior Building Inspector/Plan Checker, Senior Management Analyst, Senior Permit Technician, Senior Planner",1957755.0,87850.0,Los Angeles
CIT.454,WILDOMAR,CITY,Community Development,,Yes,,13,"Building Inspector II, Chief Building Official, Code Enforcement Manager, Code Enforcement Officer I, Code Enforcement Supervisor, Community Development Director, Development Services Technician I, Development Services Technician I, Intern I, Senior Building Inspector, Senior Management Analyst, Senior Management Analyst, Senior Planner",1177041.0,37077.0,Riverside
CIT.455,WILLIAMS,CITY,,,,,,,,,
CIT.456,WILLITS,CITY,,,,,,,,,
CIT.457,WILLOWS,CITY,,,,,,,,,
CIT.458,WINTERS,CITY,Building,,Yes,,1,Development Services Technician,84162.0,8021.0,Yolo
CIT.459,WOODLAKE,CITY,,,,,,,,,
CIT.460,WOODLAND,CITY,CD Building,,Yes,,3,"Chief Building Official, Code Compliance Officer I/II, Senior Building Plan Examiner",321867.0,61623.0,Yolo
CIT.461,YORBA LINDA,CITY,Building,,Yes,,11,"Building Inspector, Building Inspector, Building Inspector, Building Inspector, Building Official, Building Permit Technician, Building Permit Technician, Building Permit Technician, Plan Check Engineer, Senior Building Inspector, Senior Building Permit Tech",1136885.0,66267.0,Orange
CIT.462,YREKA,CITY,,,,,,,,,
CIT.463,YUBA CITY,CITY,,,,,,,,,
CIT.464,YUCAIPA,CITY,Engineering,Planning,Yes,,14,"Assistant City Engineer, Associate Engineer, Associate Engineer, Associate Engineer, Director Of Development Service/City Engineer, Public Service Employee Ix - Special Projects Manager, Public Works Analyst, Senior Administrative Assistant (Public Works), Senior Development Services Technician, Administrative Assistant, Associate Planner, Associate Planner, Deputy Director Of Community Development/City Planner, Development Services Technician",1642262.0,54838.0,San Bernardino
CNT.001,COUNTY OF ALAMEDA,COUNTY,Development Services,,Yes,,34,"Associate Civil Engineer, Associate Civil Engineer, Associate Civil Engineer, Asst Engineer, Asst Engineer, Asst Engineer, Building Inspector II, Building Inspector II, Building Inspector II, Building Inspector II, Building Official, Materials Testing Tech III, Materials Testing Tech III, Materials Testing Tech III, Public Works Tech Asst I, Public Works Tech Asst I, Public Works Tech Asst I, Public Works Tech Asst II, Public Works Tech Asst II, Public Works Tech Asst II, Public Works Tech Asst II, Public Works Tech Asst II, Public Works Tech Asst III, Pw Inspectoriiiconstruction, Pw Inspectoriiiconstruction, Pw Inspectoriiiconstruction, Pw Inspectoriiiconstruction, Pw Inspectoriiiconstruction, Retired Annuitant Ll, Specialist Clerk I, Specialist Clerk I, Suprvsing Building Inspector, Suprvsing Plans Checker, Suprvsing Public Works Inspect",3622646.0,1662482.0,Alameda
CNT.002,COUNTY OF ALPINE,COUNTY,Community Development,,Yes,,18,"Building And Grounds Supervisor, Building And Grounds Supervisor, Building Official, Community Development Deputy Director, Community Development Director, Equipment Mechanic/Shop Coordinator, Extra Help-Building Inspector, Extra Help-Unskilled Labor, Fiscal And Administrative Supervisor, Fiscal And Technical Specialist, Lead Maintenance Worker, Lead Maintenance Worker, Planner II, Planner II, Road Maintenance Foreman, Road Maintenance Worker III, Road Maintenance Worker III, Transit Driver (1X100% And 1X80%)",1148634.0,1177.0,Alpine
CNT.003,COUNTY OF AMADOR,COUNTY,Building Department,,Yes,,6,"Building Inspector III, Building Inspector Supervisor, Building Permit Technician I, Chief Building Official, Community Development Technician II, Plans Examiner I",406419.0,39563.0,Amador
CNT.004,COUNTY OF BUTTE,COUNTY,Development Services,,Yes,,53,"Administrative Analyst I, Administrative Analyst II, Administrative Analyst II, Administrative Assistant, Administrative Services Manager, Assistant Building Official, Assistant Director Of Development Services, Assistant Planner, Assistant Planner, Building Division Manager, Building Inspector I, Building Inspector I, Building Inspector I, Building Inspector III, Building Inspector III, Building Inspector III, Building Plans Examiner, Code Enforcement Division Manager, Code Enforcement Officer I, Code Enforcement Officer I, Code Enforcement Officer I, Code Enforcement Officer I, Code Enforcement Officer I, Code Enforcement Officer I, Code Enforcement Officer II, Code Enforcement Officer II, Code Enforcement Officer II, Code Enforcement Officer II, Code Enforcement Officer II, Code Enforcement Officer II, Code Enforcement Supervisor, Director Of Development Services, Information Technology Analyst I, Information Technology Analyst II, Information Technology Manager, Office Assistant I, Office Assistant I, Office Assistant II, Office Assistant II, Office Assistant II, Permit Center Supervisor, Permit Center Supervisor, Permit Technician I, Permit Technician I, Permit Technician II, Permit Technician II, Permit Technician II, Plan Check Engineer, Planning Division Manager, Principal Planner, Senior Legal Office Assistant, Senior Planner, Senior Planner",3458342.0,207525.0,Butte
CNT.005,COUNTY OF CALAVERAS,COUNTY,Building,,Yes,,10,"Admin Assistant II, Building Inspector I, Building Inspector I, Chief Building Official, Permit Technician I, Permit Technician II, Permit Technician III, Plans Examiner I, Plans Examiner II, Supervising Building Inspector",661779.0,44722.0,Calaveras
CNT.006,COUNTY OF COLUSA,COUNTY,,,,,,,,,
CNT.007,COUNTY OF CONTRA COSTA,COUNTY,,,,,,,,,
CNT.008,COUNTY OF DEL NORTE,COUNTY,Building Inspection,,Yes,,4,"Account Clerk III, Account Clerk III, Building Inspector III, Building Official/Senior Inspector",206933.0,26544.0,Del Norte
CNT.009,COUNTY OF EL DORADO,COUNTY,,,,,,,,,
CNT.010,COUNTY OF FRESNO,COUNTY,P&RM - Development Services Division,,Yes,,71,"Administrative Assistant II, Building Inspector I, Building Inspector I, Building Inspector I, Building Inspector I, Building Inspector I, Building Inspector I, Building Inspector II, Building Inspector II, Building Plans Checker II, Building Plans Checker II, Building Plans Checker III, Chief Building Inspector, Code Enforcement Manager, Deputy Director Of Planning, Development Services & Capital Projects Manager, Engineer II, Engineer III, Engineer III, Engineering Technician I, Office Assistant I, Office Assistant II, Office Assistant II, Office Assistant II, Office Assistant II, Office Assistant II, Planner I, Planner I, Planner I, Planner I, Planner I, Planner I, Planner I, Planner I, Planner I, Planner I, Planner I, Planner I, Planner I, Planner II, Planner II, Planner II, Planner II, Planner II, Planner II, Planner III, Planner III, Planner III, Planner III, Planner III, Planning & Resources Management Officer, Principal Planner, Principal Planner, Program Technician I, Program Technician I, Program Technician I, Program Technician I, Program Technician I, Program Technician I, Program Technician I, Program Technician I, Program Technician II, Program Technician II, Senior Code Enforcement Officer, Senior Engineering Technician, Senior Planner, Senior Planner, Senior Planner, Staff Analyst I, Supervising Building Inspector, Supervising Building Inspector",5025975.0,1037053.0,Fresno
CNT.011,COUNTY OF GLENN,COUNTY,Planning & Community Development,,Yes,,16,"Accounting & General Services Specialist III, Administrative Services Analyst I, Administrative Services Analyst II, Assistant Planner, Assistant Planner, Building Inspector, Chief Building Official, Code Enforcement Officer II, Director Planning & Community Development Services, Environmental Health Director, Geographic Information  Analyst II, Principal Planner, Registered Environmental Health Specialist, Registered Environmental Health Specialist, Senior Building Permit Technician, Transportation Planner",1269058.0,29369.0,Glenn
CNT.012,COUNTY OF HUMBOLDT,COUNTY,Building Inspector,,Yes,,13,"Building Inspector I, Building Inspector II, Building Inspector II, Chief Building Official, Permit Manager, Permit Technician II, Permit Technician II, Permit Technician II, Permit Technician II, Plan Checker I (40 Hours), Plan Checker II (40 Hours), Senior Building Inspector (40), Senior Permit Technician",1044406.0,133817.0,Humboldt
CNT.013,COUNTY OF IMPERIAL,COUNTY,,,,,,,,,
CNT.014,COUNTY OF INYO,COUNTY,,,,,,,,,
CNT.015,COUNTY OF KERN,COUNTY,,,,,,,,,
CNT.016,COUNTY OF KINGS,COUNTY,,,,,,,,,
CNT.017,COUNTY OF LAKE,COUNTY,Building And Safety,,Yes,,15,"Accountant I, Accounting Technician, Senior, Building Inspector, Building Inspector, Building Inspector, Senior, Business Software Analyst, Chief Building Official, Chief Building Official, Community Devel Tech Supervisor, Community Development Tech Senior, Community Development Tech Senior, Office Assistant, Plans Examiner II, Staff Services Analyst I, Temporary Or Extra Help",887378.0,67254.0,Lake
CNT.018,COUNTY OF LASSEN,COUNTY,Planning & Building Services,,Yes,,21,"0132 Assistant/EH Specialist I/II, 0134 Natural Resources Coordinator I/II, 0660 Director Of Planning And Build, 0667 Director Of EH Division, 1030 Secretary, 1034 Senior Building Technician, 1066 Associate Planner, 1066 Associate Planner, 1084 Code Enforcement Officer I, 1085 Code Enforcement Officer II, 1085 Code Enforcement Officer II, 1091 Environmental Health Specialist, 2002 Senior Building Inspector, 2002 Senior Building Inspector, 2003 Senior Planner, 2054 Administrative Assistant, 2054 Administrative Assistant, 2073 Chief Building Official, 2109 Deputy Director Of Planning, 2110 County Surveyor, 2111 Director Of Planning Division",1407215.0,28716.0,Lassen
CNT.019,COUNTY OF LOS ANGELES,COUNTY,,,,,,,,,
CNT.020,COUNTY OF MADERA,COUNTY,Community & Economic Development,Public Works,Yes,,200,"Administrative Analyst I, Administrative Analyst III, Administrative Assistant II (Underfill), Building Inspector I, Building Inspector I, Building Inspector I, Building Inspector I (Extra Help), Building Inspector II, Building Inspector II, Building Inspector III, Building Permit Services Supervisor, Business Systems Analyst I, Chief Of Development Services, Code Enforcement Officer II, Code Enforcement Officer II, Deputy Director Of Community & Economic Development - Building & Fire Safety, Deputy Director Of Community & Economic Development-Environmental Health, Director Of Community & Economic Development, Environmental Health Specialist (Extra-Help), Environmental Health Specialist (Extra-Help), Environmental Health Specialist (Extra-Help), Environmental Health Specialist (Extra-Help), Environmental Health Specialist (Extra-Help), Environmental Health Specialist (Extra-Help), Environmental Health Specialist (Extra-Help), Executive Assistant (Unrepresented), Fire Prevention Inspector I, Fire Prevention Inspector I (Extra Help), Fire Prevention Inspector II, Fire Prevention Inspector II (Extra-Help), Fire Prevention Inspector III, Office Assistant I (Extra Help), Permit Technician I, Permit Technician I, Permit Technician I, Permit Technician I, Permit Technician I, Permit Technician I - Extra Help, Plan Checker I, Plan Checker I, Plan Checker I, Plan Checker III, Planner I, Planner II, Planner III, Planning Aide, Planning Commission, Member, Planning Commission, Member, Planning Commission, Member, Planning Commission, Member, Planning Commission, Member, Program Assistant I, Program Assistant I, Program Assistant I (Extra Help), Registered Environmental Health Specialist II, Registered Environmental Health Specialist II, Registered Environmental Health Specialist II, Senior Accounting Technician, Senior Business Systems Information Analyst, Senior Permit Technician, Senior Planner, Senior Planner, Senior Planner (Extra Help), Senior Registered Environmental Health Specialist, Senior Registered Environmental Health Specialist, Senior Registered Environmental Health Specialist, Senior Registered Environmental Health Specialist, Senior Registered Environmental Health Specialist, Student Assistant - Undergraduate (Unclassified), Supervising Code Enforcement Officer, Supervising Code Enforcement Officer (Extra Help), Supervising Registered Environmental Health Specialist, Accountant - Auditor I, Accountant - Auditor I, Accountant - Auditor II, Accounting Technician II, Accounting Technician II, Accounting Technician II, Administrative Analyst I, Administrative Analyst I, Administrative Analyst II, Administrative Analyst II, Administrative Analyst III, Administrative Assistant II, Administrative Services Officer, Assistant Engineer, Deputy Director Of Public Works - Administrative Services, Deputy Director Of Public Works-Engineering, Deputy Director Of Public Works-Maintenance And Operations, Development Services Engineer, Director Of Public Works, Electrician, Engineer I, Engineer I, Engineer I, Engineer I, Engineer I, Engineer II, Engineer II, Engineer III, Engineering Technician II, Engineering Technician II, Equipment Operator, Equipment Operator, Equipment Operator, Equipment Operator, Equipment Operator, Equipment Operator, Equipment Operator, Equipment Operator, Equipment Operator, Equipment Operator, Equipment Operator, Equipment Service Worker, Equipment Shop Supervisor, Heavy Equipment Mechanic, Heavy Equipment Mechanic, Heavy Equipment Mechanic, Heavy Equipment Mechanic, Heavy Equipment Mechanic, Licensed Utility Worker I, Parts Assistant I, Principal Administrative Analyst, Program Assistant I, Program Assistant I, Program Assistant I, Program Assistant II, Program Assistant II, Program Assistant II, Public Works Inspector II, Public Works Inspector II, Public Works Superintendent-Roads, Public Works Superintendent-Utilities, Road Construction And Maintenance Worker I, Road Construction And Maintenance Worker I, Road Construction And Maintenance Worker I, Road Supervisor, Road Supervisor, Road Supervisor, Road Supervisor, Road Supervisor, Road Supervisor, Road Worker I, Road Worker I, Road Worker I, Road Worker I, Road Worker I, Road Worker I, Road Worker I, Road Worker I, Road Worker I, Road Worker II, Road Worker II, Road Worker II, Road Worker II, Road Worker II, Road Worker II, Road Worker II, Road Worker II, Road Worker II, Road Worker II, Roads Code Compliance And Safety Representative, Senior Civil Engineer, Senior Civil Engineer, Senior Heavy Equipment Mechanic, Senior Road Worker, Senior Road Worker, Senior Road Worker, Senior Road Worker, Senior Road Worker, Senior Road Worker, Senior Traffic Control Maintenance Worker, Solid Waste Program Manager, Special Districts Utility Manager, Traffic Control Maintenance Supervisor, Traffic Control Maintenance Worker I, Traffic Control Maintenance Worker I, Traffic Control Maintenance Worker II, Traffic Control Maintenance Worker II, Traffic Sign Supervisor, Transit Program Manager, Water/Wastewater Operations Supervisor, Water/Wastewater Operations Supervisor, Water/Wastewater Operations Supervisor, Water/Wastewater Operator I, Water/Wastewater Operator I, Water/Wastewater Operator I, Water/Wastewater Operator II, Water/Wastewater Operator II, Water/Wastewater Operator II, Water/Wastewater Operator II, Water/Wastewater Operator II, Water/Wastewater Worker, Water/Wastewater Worker, Water/Wastewater Worker, Water/Wastewater Worker, Water/Wastewater Worker, Water/Wastewater Worker, Water/Wastewater Worker, Water/Wastewater Worker",11829326.0,162599.0,Madera
CNT.021,COUNTY OF MARIN,COUNTY,Cda Building Safety Admin,,Yes,,12,"Admin Services Associate, Assistant Building Official, Building Inspection Supervisor, Building Inspector I, Building Permit Technician II, Community Development Tech II, Community Development Tech II, Community Development Tech II, Community Development Tech II, Dep Director Building & Safety, Permit Ombudsperson, Permit Services Supervisor",1091998.0,254550.0,Marin
CNT.022,COUNTY OF MARIPOSA,COUNTY,Building,,Yes,,7,"Development Services Technician, Development Services Technician, Extra Help Office Assistant II, Extra Help Office Assistant II, Office Technician, Plan Checker/Inspector I/II, Senior Plan Checker/Inspector",351563.0,16917.0,Mariposa
CNT.023,COUNTY OF MENDOCINO,COUNTY,Planning And Building,,Yes,,52,"0057 Staff Assistant II, 0060 Staff Assistant III, 0060 Staff Assistant III, 0060 Staff Assistant III, 0062 Supervising Staff Assistant, 0063 Administrative Assistant, 0086 Sr Department Analyst, 0135 Administrative Services Manager II, 0142 Department Analyst I, 0143 Department Analyst II, 0153 Commission Services Supervisor, 0170 Sr Program Manager, 2012 Cartographer Planner, 2029 Planning Technician I, 2031 Planner I, 2031 Planner I, 2031 Planner I, 2032 Planner II, 2032 Planner II, 2032 Planner II, 2032 Planner II, 2032 Planner II, 2032 Planner II, 2032 Planner II, 2033 Planner III, 2033 Planner III, 2033 Planner III, 2035 Sr Planner, 2035 Sr Planner, 2035 Sr Planner, 2036 Director Planning & Building, 2038 Sr Building Inspector, 2038 Sr Building Inspector, 2039 Building Inspector I, 2039 Building Inspector I, 2039 Building Inspector I, 2040 Building Inspector II, 2041 Building Inspector III, 2041 Building Inspector III, 2042 Chief Building Official, 2042 Chief Building Official, 2043 Code Enforcement Officer I, 2044 Code Enforcement Officer II, 2044 Code Enforcement Officer II, 2044 Code Enforcement Officer II, 2044 Code Enforcement Officer II, 2067 Asst Director Planning & Building, 2070 Supervising Code Enforce Officer, 2070 Supervising Code Enforce Officer, 2071 Code Enforcement Manager, 2074 Supervising Permit Technician, J060 Xh Staff Assistant 3",3734552.0,89827.0,Mendocino
CNT.024,COUNTY OF MERCED,COUNTY,Planning And Community Development,,Yes,,17,"Commission/Board Fees, Commission/Board Fees, Commission/Board Fees, Commission/Board Fees, Commission/Board Fees, Deputy Director - Planning, Development Services Coordinator, Director-Community & Economic Development, Extra Help Permit Technician II, Permit Technician I, Permit Technician I, Permit Technician II, Permit Technician II, Planner I, Planner I, Planner I, Planner III",703593.0,293080.0,Merced
CNT.025,COUNTY OF MODOC,COUNTY,Building & Safety,,Yes,,2,"Chief Building Official, Extra Help - Retired Annuitant",73282.0,8491.0,Modoc
CNT.026,COUNTY OF MONO,COUNTY,Community Development,,Yes,,21,"Assistant Director Of Community Development, Building Inspector I/II/III, Building Inspector I/II/III, Building Official, Community Development Analyst I/II/II (Ra) Extra Help, Community Development Analyst I/II/III, Community Development Analyst I/II/III, Community Development Analyst I/II/III, Community Development Analyst I/II/III, Community Development Analyst I/II/III, Community Development Analyst I/II/III-Code, Community Development Analyst I/II/III-Code, Community Development Director, Fiscal & Admin Services Officer II, Office Manager & Planning Commission Secretary, Permit Technician, Planning Analyst III (Ra) Extra Help, Planning Commissioner, Planning Commissioner, Planning Commissioner, Planning Commissioner",1141939.0,12684.0,Mono
CNT.027,COUNTY OF MONTEREY,COUNTY,,,,,,,,,
CNT.028,COUNTY OF NAPA,COUNTY,Pbes - Building Inspection,,Yes,,31,"Administrative Secretary I, Building Inspector I, Building Inspector I, Building Inspector I, Building Inspector II, Building Inspector II, Chief Building Official, Code Compliance Manager, Code Compliance Officer I, Code Compliance Officer I, Code Compliance Officer I, Code Compliance Officer I, Code Compliance Supervisor, Field Inspection Supervisor, Office Assistant II, Office Assistant II, Office Assistant II, Office Assistant II, Office Assistant II, Permit Technician I, Permit Technician I, Permit Technician II, Permit Technician II, Permit Technician II, Plans & Permit Supervisor, Plans & Permit Supervisor, Plans & Permit Supervisor, Plans Examiner, Plans Examiner, Plans Examiner, Secretary",2677901.0,136124.0,Napa
CNT.029,COUNTY OF NEVADA,COUNTY,,,,,,,,,
CNT.030,COUNTY OF ORANGE,COUNTY,Oc Community Resources,Oc Public Works,Caveat,Mixed with the other departments; https://occr.ocgov.com/sites/occr/files/2024-01/OCCR%20Org%20Chart%2001.18.24.pdf Community Services ; around 26,26,,,,
CNT.031,COUNTY OF PLACER,COUNTY,,,,,,,,,
CNT.032,COUNTY OF PLUMAS,COUNTY,,,,,,,,,
CNT.033,COUNTY OF RIVERSIDE,COUNTY,,,,,,,,,
CNT.034,COUNTY OF SACRAMENTO,COUNTY,Community Development,,Yes,,401,"Account Clerk Lv II, Account Clerk Lv II, Account Clerk Lv II, Account Clerk Lv II, Account Clerk Lv II, Accounting Technician, Accounting Technician, Accounting Technician, Accounting Technician, Accounting Technician, Admin Services Officer I, Admin Services Officer I, Admin Services Officer I, Admin Services Officer I, Admin Services Officer II, Admin Services Officer II, Admin Services Officer II, Admin Services Officer II, Admin Services Officer II, Admin Services Officer II, Admin Services Officer III, Assoc Civil Engineer, Assoc Civil Engineer, Assoc Civil Engineer, Assoc Civil Engineer, Assoc Civil Engineer, Assoc Civil Engineer, Assoc Civil Engineer, Assoc Civil Engineer, Assoc Engineer Architect, Assoc Engineer Architect, Assoc Engineer Architect, Assoc Land Surveyor, Assoc Land Surveyor, Assoc Land Surveyor, Assoc Landscape Architect, Assoc Planner, Assoc Planner, Assoc Planner, Assoc Planner, Assoc Planner, Assoc Planner, Assoc Planner, Assoc Planner, Assoc Planner, Assoc Planner, Assoc Planner, Assoc Planner, Assoc Planner, Assoc Planner, Assoc Planner, Assoc Planner, Assoc Planner, Assoc Planner, Assoc Planner, Assoc Planner, Assoc Planner, Assoc Planner, Assoc Planner, Asst Building Official, Asst Engineer - Civil Lv II, Asst Engineer - Civil Lv II, Asst Engineer - Civil Lv II, Asst Engineer - Civil Lv II, Asst Land Surveyor, Asst Land Surveyor, Asst Land Surveyor, Asst Land Surveyor, Asst Land Surveyor, Asst Landscape Architect Lv II, Asst Mechanical Engineer Lv II, Asst Planner, Asst Planner, Asst Planner, Asst Planner, Asst Planner, Asst Planner, Asst Planner, Asst Planner, Asst Planner, Building Inspector I, Building Inspector I, Building Inspector I, Building Inspector II Rng A, Building Inspector II Rng A, Building Inspector II Rng A, Building Inspector II Rng A, Building Inspector II Rng A, Building Inspector II Rng A, Building Inspector II Rng A, Building Inspector II Rng A, Building Inspector II Rng A, Building Inspector II Rng A, Building Inspector II Rng A, Building Inspector II Rng A, Building Inspector II Rng A, Building Inspector II Rng A, Building Inspector II Rng A, Building Inspector II Rng A, Building Inspector II Rng A, Building Inspector II Rng A, Building Inspector II Rng A, Building Inspector II Rng A, Building Inspector II Rng A, Building Inspector II Rng A, Building Inspector II Rng A, Building Inspector II Rng A, Building Inspector II Rng A, Building Inspector II Rng A, Building Inspector II Rng A, Building Inspector II Rng A, Building Inspector II Rng A, Building Inspector II Rng A, Building Inspector II Rng A, Building Inspector II Rng A, Building Inspector II Rng A, Building Inspector II Rng A, Building Inspector II Rng A, Building Inspector II Rng A, Building Inspector II Rng A, Building Inspector II Rng A, Building Inspector II Rng A, Building Inspector II Rng A, Building Inspector II Rng A, Building Inspector II Rng A, Building Inspector II Rng A, Building Inspector II Rng A, Building Inspector II Rng A, Building Inspector II Rng A, Building Inspector II Rng B, Building Inspector II Rng B, Building Inspector II Rng B, Building Inspector II Rng B, Building Inspector II Rng B, Building Inspector II Rng B, Building Inspector II Rng B, Chief Building Official, Chief Code Enforcement Division, Chief Construction Mgmt. & Inspection Div, Chief Construction Mgmt. & Inspection Div, Chief Departmental Admin Services, Chief Development & Surveyor Services Div, Clerical Supervisor II, Clerical Supervisor II, Code Enforcement Manager, Code Enforcement Officer Lv I, Code Enforcement Officer Lv I, Code Enforcement Officer Lv II, Code Enforcement Officer Lv II, Code Enforcement Officer Lv II, Code Enforcement Officer Lv II, Code Enforcement Officer Lv II, Code Enforcement Officer Lv II, Code Enforcement Officer Lv II, Code Enforcement Officer Lv II, Code Enforcement Officer Lv II, Code Enforcement Officer Lv II, Code Enforcement Officer Lv II, Code Enforcement Officer Lv II, Code Enforcement Officer Lv II, Code Enforcement Officer Lv II, Code Enforcement Officer Lv II, Code Enforcement Officer Lv II, Code Enforcement Officer Lv II, Code Enforcement Officer Lv II, Code Enforcement Officer Lv II, Code Enforcement Officer Lv II, Code Enforcement Officer Lv II, Code Enforcement Officer Lv II, Code Enforcement Officer Lv II, Code Enforcement Officer Lv II, Code Enforcement Officer Lv II, Code Enforcement Officer Lv II, Code Enforcement Officer Lv II, Construction Inspection Supervisor, Construction Inspection Supervisor, Construction Inspection Supervisor, Construction Inspection Supervisor, Construction Inspection Supervisor, Construction Inspection Supervisor, Construction Inspection Supervisor, Construction Inspection Supervisor, Construction Inspector, Construction Inspector, Construction Inspector, Construction Inspector, Construction Inspector, Construction Inspector, Construction Inspector, Construction Inspector, Construction Inspector, Construction Management Specialist, Construction Management Specialist, Construction Management Specialist, Construction Management Specialist, Construction Management Supervisor, Construction Management Supervisor, Construction Management Supervisor, Construction Management Supervisor, Construction Management Supervisor, Construction Management Supervisor, Construction Management Supervisor, Construction Manager, Construction Manager, Construction Manager, Construction Manager, Construction Manager, Construction Manager, Construction Manager, Construction Materials Lab Tech Lv I, Construction Materials Lab Tech Lv I, Construction Materials Lab Tech Lv I, Construction Materials Lab Tech Lv I, Construction Materials Lab Tech Lv I, Construction Materials Lab Tech Lv I, Construction Materials Lab Tech Lv II, Construction Materials Lab Tech Lv II, Construction Materials Lab Tech Lv II, Construction Materials Lab Tech Lv II, Dir Of Community Development, Engineer Architect Student Intern Rng Jr, Engineer Architect Student Intern Rng So, Engineer Architect Student Intern Rng So, Engineer Architect Student Intern Rng So, Engineer Architect Student Intern Rng Sr, Engineer Architect Student Intern Rng Sr, Engineer Architect Student Intern Rng Sr, Engineer Architect Student Intern Rng Sr, Engineer Architect Student Intern Rng Sr, Engineer Architect Student Intern Rng Sr, Engineering Technician Lv II, Engineering Technician Lv II, Engineering Technician Lv II, Engineering Technician Lv II, Engineering Technician Lv II, Engineering Technician Lv II, Engineering Technician Lv II, Engineering Technician Lv II, Engineering Technician Lv II, Engineering Technician Lv II, Executive Secretary, Manager Of Special Districts, Manager Of Special Districts, Office Assistant Lv II, Office Assistant Lv II, Office Assistant Lv II, Office Assistant Lv II, Office Assistant Lv II, Office Assistant Lv II, Office Assistant Lv II, Office Assistant Lv II, Office Assistant Lv II, Office Assistant Lv II, Office Assistant Lv II, Planning Director Planning Services Div, Planning Technician, Principal Building Inspector, Principal Building Inspector, Principal Building Inspector, Principal Civil Engineer, Principal Civil Engineer, Principal Civil Engineer, Principal Civil Engineer, Principal Civil Engineer, Principal Civil Engineer, Principal Civil Engineer, Principal Construction Inspector, Principal Construction Inspector, Principal Construction Inspector, Principal Engineering Technician, Principal Engineering Technician, Principal Engineering Technician, Principal Engineering Technician, Principal Engineering Technician, Principal Engineering Technician, Principal Engineering Technician, Principal Land Surveyor, Principal Planner, Principal Planner, Principal Planner, Principal Planner, Principal Planner, Safety Specialist, Secretary, Secretary, Senior Planner, Senior Planner, Senior Planner, Senior Planner, Senior Planner, Senior Planner, Senior Planner, Senior Planner, Senior Planner, Senior Planner, Sr Account Clerk, Sr Accountant, Sr Civil Engineer, Sr Civil Engineer, Sr Civil Engineer, Sr Civil Engineer, Sr Civil Engineer, Sr Code Enforcement Officer, Sr Code Enforcement Officer, Sr Code Enforcement Officer, Sr Code Enforcement Officer, Sr Code Enforcement Officer, Sr Construction Inspector, Sr Construction Inspector, Sr Construction Inspector, Sr Construction Inspector, Sr Construction Inspector, Sr Construction Inspector, Sr Construction Inspector, Sr Construction Inspector, Sr Construction Inspector, Sr Construction Inspector, Sr Construction Inspector, Sr Construction Inspector, Sr Construction Inspector, Sr Construction Inspector, Sr Construction Inspector, Sr Construction Inspector, Sr Construction Inspector, Sr Construction Inspector, Sr Construction Inspector, Sr Construction Inspector, Sr Construction Inspector, Sr Construction Inspector, Sr Construction Inspector, Sr Construction Inspector, Sr Construction Inspector, Sr Construction Inspector, Sr Construction Inspector, Sr Construction Inspector, Sr Construction Inspector, Sr Construction Inspector, Sr Construction Inspector, Sr Construction Inspector, Sr Construction Inspector, Sr Construction Inspector, Sr Construction Inspector, Sr Construction Inspector, Sr Construction Inspector, Sr Construction Inspector, Sr Economic Dev And Marketing Specialist, Sr Engineering Technician, Sr Engineering Technician, Sr Engineering Technician, Sr Engineering Technician, Sr Engineering Technician, Sr Land Surveyor, Sr Land Surveyor, Sr Office Assistant, Sr Office Assistant, Sr Office Assistant, Sr Office Assistant, Sr Office Assistant, Sr Office Assistant, Sr Office Assistant, Sr Office Assistant, Sr Office Assistant, Sr Office Assistant, Sr Office Assistant, Sr Office Assistant, Sr Office Specialist, Sr Office Specialist, Sr Office Specialist, Sr Safety Specialist, Student Intern Level Senior, Student Intern Level Senior, Supervisor Building Inspector, Supervisor Building Inspector, Supervisor Building Inspector, Supervisor Building Inspector, Supervisor Building Inspector, Supervisor Building Inspector, Supervisor Building Inspector, Supervisor Building Inspector, Supervisor Building Inspector, Supervisor Building Inspector, Supervisor Building Inspector, Supervisor Building Inspector, Supervisor Code Enforcement Officer, Supervisor Code Enforcement Officer, Supervisor Code Enforcement Officer, Supervisor Code Enforcement Officer, Supervisor Code Enforcement Officer, Supervisor Code Enforcement Officer, Supervisor Code Enforcement Officer, Supervisor Engineering Technician, Supervisor Engineering Technician, Supervisor Engineering Technician, Supervisor Engineering Technician, Supervisor Permits Fees, Survey Party Chief, Survey Party Chief, Survey Party Chief, Survey Party Chief, Survey Party Chief, Survey Technician Lv II",37278859.0,1604745.0,Sacramento
CNT.035,COUNTY OF SAN BENITO,COUNTY,,,,,,,,,
CNT.036,COUNTY OF SAN BERNARDINO,COUNTY,Land Use Services,,Yes,,234,"Accounting Technician, Accounting Technician, Accounting Technician, Accounting Technician, Administrative Assistant, Administrative Manager, Administrative Manager, Administrative Supervisor I, Administrative Supervisor I, Administrative Supervisor I, Building Inspector II, Building Inspector II, Building Inspector II, Building Inspector II, Building Inspector II, Building Inspector II, Building Inspector II, Building Inspector II, Building Inspector II, Building Inspector II, Building Inspector II, Building Inspector III, Building Inspector III, Building Inspector III, Building Official, Business Systems Analyst II, Chief Engineering Geologist, Chief Engineering Geologist, Code Enforcement Chief, Code Enforcement Officer I, Code Enforcement Officer I, Code Enforcement Officer I, Code Enforcement Officer I, Code Enforcement Officer I, Code Enforcement Officer I, Code Enforcement Officer I, Code Enforcement Officer I, Code Enforcement Officer I, Code Enforcement Officer I, Code Enforcement Officer I, Code Enforcement Officer I, Code Enforcement Officer I, Code Enforcement Officer I, Code Enforcement Officer I, Code Enforcement Officer I, Code Enforcement Officer I, Code Enforcement Officer I, Code Enforcement Officer I, Code Enforcement Officer II, Code Enforcement Officer II, Code Enforcement Officer II, Code Enforcement Officer II, Code Enforcement Officer II, Code Enforcement Officer II, Code Enforcement Officer II, Code Enforcement Officer II, Code Enforcement Officer II, Code Enforcement Officer II, Code Enforcement Officer II, Code Enforcement Officer II, Code Enforcement Officer II, Code Enforcement Officer II, Code Enforcement Officer III, Code Enforcement Officer III, Code Enforcement Officer III, Code Enforcement Officer III, Code Enforcement Officer III, Code Enforcement Officer III, Code Enforcement Officer III, Code Enforcement Officer III, Code Enforcement Officer III, Code Enforcement Officer III, Code Enforcement Officer III, Code Enforcement Officer III, Code Enforcement Officer III, Code Enforcement Officer III, Code Enforcement Officer III, Code Enforcement Officer III, Code Enforcement Supervisor, Code Enforcement Supervisor, Code Enforcement Supervisor, Code Enforcement Supervisor, Code Enforcement Supervisor, Code Enforcement Supervisor, Code Enforcement Supervisor, Code Enforcement Supervisor, Code Enforcement Supervisor, Deputy Director Of Lnd Use Svc, Deputy Director Of Lnd Use Svc, Director Of Land Use Services, Engineer I, Engineer I, Engineer I, Engineer II, Engineer II, Engineer II, Engineer II, Engineer II, Engineer II, Engineer III, Engineering Geologist, Engineering Geologist, Engineering Manager, Engineering Manager, Engineering Technician IV, Engineering Technician IV, Engineering Technician IV, Engineering Technician IV, Engineering Technician V, Engineering Technician V, Executive Admin Assistant I, Executive Admin Assistant I, Executive Admin Assistant I, Executive Admin Assistant II, Executive Admin Assistant III, Fire Hazard Abatement Officer, Fire Hazard Abatement Officer, Fire Hazard Abatement Officer, Fire Hazard Abatement Officer, Fire Hazard Abatement Officer, Fiscal Assistant, Fiscal Specialist, Fiscal Specialist, Fiscal Specialist, Land Use Services Coordinator, Land Use Services Coordinator, Land Use Services Coordinator, Land Use Services Coordinator, Land Use Services Coordinator, Land Use Services Coordinator, Land Use Technician, Land Use Technician, Land Use Technician, Land Use Technician, Land Use Technician, Land Use Technician, Land Use Technician, Land Use Technician, Land Use Technician, Land Use Technician, Land Use Technician, Land Use Technician, Land Use Technician, Land Use Technician, Land Use Technician, Land Use Technician, Land Use Technician, Land Use Technician Supervisor, Land Use Technician Supervisor, Land Use Technician Supervisor, Land Use Technician Supervisor, Land Use Technician Supervisor, Land Use Technician Trainee, Land Use Technician Trainee, Land Use Technician Trainee, Land Use Technician Trainee, Land Use Technician Trainee, Media Specialist I, Office Assistant III, Office Assistant III, Office Assistant III, Office Assistant III, Office Assistant III, Office Assistant III, Office Assistant III, Office Assistant III, Office Assistant III, Office Assistant III, Office Assistant III, Office Assistant III, Office Assistant III, Office Assistant III, Office Assistant III, Office Assistant III, Office Assistant III, Office Assistant IV, Payroll Specialist, Planner I, Planner I, Planner I, Planner II, Planner II, Planner II, Planner II, Planner II, Planner III, Planner III, Planner III, Planner III, Planning Director, Planning Manager, Planning Manager, Process Improvement Coordinator, Program Manager-Code Enforcement, Program Manager-Code Enforcement, Public Service Employee, Public Service Employee, Public Service Employee, Public Service Employee, Public Service Employee, Public Service Employee, Public Service Employee, Public Service Employee, Public Service Employee, Public Service Employee, Public Service Employee, Public Service Employee, Regional Building Insp Supervising, Regional Building Insp Supervising, Regional Building Insp Supervising, Senior Accountant/Auditor, Senior Land Use Technician, Senior Land Use Technician, Senior Land Use Technician, Senior Land Use Technician, Senior Land Use Technician, Sr Land Use Services Coordinator, Sr Land Use Services Coordinator, Staff Analyst II, Staff Analyst II, Staff Analyst II, Staff Analyst II, Staff Analyst II, Staff Analyst II, Staff Analyst II, Staff Analyst II, Staff Analyst II-Trainee, Supervising Engineer, Supervising Engineer, Supervising Engineer, Supervising Office Specialist, Supervising Planner, Supervising Planner, Supervisor. Public Works Project Manager",15010207.0,2207424.0,San Bernardino
CNT.037,COUNTY OF SAN DIEGO,COUNTY,,,,,,,,,
CNT.038,COUNTY OF SAN FRANCISCO,COUNTY,,,,,,,,,
CNT.039,COUNTY OF SAN JOAQUIN,COUNTY,Community Development Services,,Yes,,75,"Accounting Technician I, Accounting Technician I, Accounting Technician I, Administrative Assistant I, Administrative Assistant II, Administrative Assistant II, Assistant Planner, Assistant Planner, Assistant Planner, Associate Planner, Associate Planner, Associate Planner, Associate Planner, Asst Dir Of Comm Development, Building Inspector I, Building Inspector I, Building Inspector I, Building Inspector II, Building Inspector II, Building Inspector II, Code Enforcement Div Chief, Code Enforcement Manager, Code Enforcement Officer I, Code Enforcement Officer I, Code Enforcement Officer I, Code Enforcement Officer I, Code Enforcement Officer II, Code Enforcement Officer II, Code Enforcement Officer II, Code Enforcement Officer II, Dept Info Systems Analyst III, Deputy Building Official, Deputy Dir Bldg Inspection, Deputy Director Of Planning, Deputy Fire Warden, Development Services Sr Tech, Developmentservicestechnician, Developmentservicestechnician, Developmentservicestechnician, Developmentservicestechnician, Developmentservicestechnician, Developmentservicestechnician, Director Of Community Devel, Fire Prevention Inspector, Management Analyst I, Management Analyst III, Office Assistant, Office Assistant, Office Assistant Specialist, Office Assistant Specialist, Office Worker II, Office Worker II, Office Worker II, Plan Check Engineer I, Plan Check Engineer II, Planning Commissioner-Per Mtg, Planning Commissioner-Per Mtg, Planning Commissioner-Per Mtg, Planning Commissioner-Per Mtg, Planning Commissioner-Per Mtg, Principal Planner, Senior Building Inspector, Senior Building Inspector, Senior Building Inspector, Senior Office Assistant, Senior Office Assistant, Senior Office Assistant, Senior Office Assistant, Senior Office Assistant, Senior Plan Check Engineer, Senior Planner, Senior Planner, Sr Code Enforcement Officer, Sr Code Enforcement Officer, Sr Code Enforcement Officer",4765545.0,805856.0,San Joaquin
CNT.040,COUNTY OF SAN LUIS OBISPO,COUNTY,,,,,,,,,
CNT.041,COUNTY OF SAN MATEO,COUNTY,,,,,,,,,
CNT.042,COUNTY OF SANTA BARBARA,COUNTY,,,,,,,,,
CNT.043,COUNTY OF SANTA CLARA,COUNTY,Planning & Development,,Yes,,93,"Accountant Assistant, Accountant I, Accountant II, Administrative Services Manager I, Architectural Plans Examiner, Assistant Civil Engineer, Assistant Civil Engineer, Assistant Planner, Assistant Planner, Assistant Planner, Assistant Planner, Assistant Planner, Associate Geographic Information Systems (Gis) Analyst, Associate Plan Check Engineer, Associate Plan Check Engineer, Associate Plan Check Engineer, Associate Plan Check Engineer, Associate Plan Check Engineer, Associate Planner, Building Inspector, Building Inspector, Building Inspector, Building Inspector, Building Inspector, Building Inspector, Building Inspector, Building Inspector, Building Inspector, Building Inspector, Business Systems Analyst, Code Enforcement Officer I, Code Enforcement Officer I, Code Enforcement Officer I, Code Enforcement Officer II, Code Enforcement Officer II, Code Enforcement Program Manager, Construction Inspector, County Surveyor, Supervisor Surveying And Mapping, Departmental Fiscal Officer, Deputy Director, Department Of Planning And Development - Administration, Deputy Director, Department Of Planning And Development - Administration, Deputy Director, Planning And Development - Planning Services, Deputy Director, Planning And Development -Development Services, Director, Department Of Planning And Development, Engineering Geologist, Engineering Technician II, Engineering Technician III, Geographic Information Systems (Gis) Analyst, Land Surveyor, Management Analyst, Management Analyst, Office Specialist II, Office Specialist III, Office Specialist III, Office Specialist III, Office Specialist III, Office Specialist III, Office Specialist III, Permit Technician I, Permit Technician I, Permit Technician I, Permit Technician I, Permit Technician II, Permit Technician II, Permit Technician II, Permit Technician II, Permit Technician II, Principal Development Services Engineer, Principal Development Services Inspector, Principal Planner, Principal Planner, Principal Planner, Principal Planner, Program Manager I, Senior Accountant, Senior Building Inspector, Senior Building Inspector, Senior Civil Engineer, Senior Civil Engineer, Senior Construction Inspector, Senior Construction Inspector, Senior Geographic Information Systems (Gis) Analyst, Senior Geographic Information Systems (Gis) Analyst, Senior Management Analyst, Senior Plan Check Engineer, Senior Plan Check Engineer, Senior Planner, Senior Planner, Senior Planner, Senior Planner, Senior Planner, Senior Planner, Senior Planner",11096041.0,1922259.0,Santa Clara
CNT.044,COUNTY OF SANTA CRUZ,COUNTY,,,,,,,,,
CNT.045,COUNTY OF SHASTA,COUNTY,,,,,,,,,
CNT.046,COUNTY OF SIERRA,COUNTY,,,,,,,,,
CNT.047,COUNTY OF SISKIYOU,COUNTY,,,,,,,,,
CNT.048,COUNTY OF SOLANO,COUNTY,Environmental Management,,Yes,,71,"Accounting Clerk II, Accounting Technician, Administrative Secretary, Building Inspector (Senior), Building Inspector I, Building Inspector II, Building Official, Building Permits Technician I, Building Permits Technician II, Civil Engineer (Senior), Civil Engineer - Plan Check, Code Compliance Officer, Code Compliance Officer, Code Compliance Officer (Entry), Commissioners, Commissioners, Commissioners, Commissioners, Commissioners, Commissioners, Director Of Resources Management, Director Of Resources Management, Environmental Health Manager, Environmental Health Specialist (Entry), Environmental Health Specialist (Entry), Environmental Health Specialist (Entry), Environmental Health Specialist (Journey), Environmental Health Specialist (Journey), Environmental Health Specialist (Journey), Environmental Health Specialist (Journey), Environmental Health Specialist (Journey), Environmental Health Specialist (Journey), Environmental Health Specialist (Journey), Environmental Health Specialist (Journey), Environmental Health Specialist (Senior), Environmental Health Specialist (Senior), Environmental Health Specialist (Senior), Environmental Health Specialist (Senior), Environmental Health Specialist (Senior), Environmental Health Supervising, Environmental Health Supervising, Hazardous Material Specialist (Journey), Hazardous Material Specialist (Supervising), Hazardous Materials Specialist (Senior), Hazardous Materials Specialist (Senior), Hazardous Materials Specialist (Senior), Hazardous Materials Specialist (Senior), Hazardous Materials Specialist (Senior), Hazardous Materials Specialist (Senior), Office Assistant II, Office Assistant II, Office Assistant II, Office Assistant II, Office Assistant II, Office Assistant II, Office Assistant II, Office Coordinator, Planner (Assistant), Planner (Principal), Planner (Principal), Planner (Principal), Planner (Senior), Planner (Senior), Planner Associate, Planner Associate, Planner Associate, Planner Associate, Planning Program Manager, Planning Technician, Planning Technician, Staff Analyst",6139016.0,449839.0,Solano
CNT.049,COUNTY OF SONOMA,COUNTY,,,,,,,,,
CNT.050,COUNTY OF STANISLAUS,COUNTY,,,,,,,,,
CNT.051,COUNTY OF SUTTER,COUNTY,Development Services Administration,Planning & Building,Yes,,28,"Accountant II, Accounting Technician I, Accounting Technician II, Accounting Technician II, Administration & Finance Manager - Development Services, Director Of Development Services, Executive Secretary II, Staff Analyst, Assistant County Administrator, Associate Planner, Associate Planner, Building Inspector II, Code Enforcement Officer I, Code Enforcement Officer II, Consulting Specialist, Development Services Technician I, Development Services Technician II, Development Services Technician III, Planning Commissioner, Planning Commissioner, Planning Commissioner, Planning Commissioner, Planning Commissioner, Planning Commissioner, Planning Commissioner, Principal Planner, Senior Permit Technician, Senior Planner",1521172.0,100257.0,Sutter
CNT.052,COUNTY OF TEHAMA,COUNTY,Building And Safety,,Yes,,8,"Building Inspector I, Building Inspector I, Building Inspector II, Building Inspector III, Building Inspector III, Building Official, Office Manager II, Permit Technician II",457823.0,64827.0,Tehama
CNT.053,COUNTY OF TRINITY,COUNTY,,,,,,,,,
CNT.054,COUNTY OF TULARE,COUNTY,,,,,,,,,
CNT.055,COUNTY OF TUOLUMNE,COUNTY,,,,,,,,,
CNT.056,COUNTY OF VENTURA,COUNTY,,,,,,,,,
CNT.057,COUNTY OF YOLO,COUNTY,DCS - Community Development,,Yes,,32,"Administrative Services Analyst, Assistant Planner, Associate Administrative Services Analyst, Associate Administrative Services Analyst, Associate Administrative Services Analyst, Associate Planner, Building Inspector I, Building Inspector I, Chief Assistant Director Of Community Services, Chief Building Official, Code Enforcement Officer, Code Enforcement Officer, Community Services Analyst, County Service Area Manager, General Clerk I, General Clerk II, General Clerk III, General Clerk III, General Clerk III, General Clerk III, Junior Planner, Office Support Specialist, Parks And Facilities Worker III, Parks And Facilities Worker III, Permit Counter Technician I, Permit Counter Technician I, Permit Counter Technician I, Permit Counter Technician I, Permit Counter Technician II, Principal Planner, Senior Planner, Sustainability Manager",2033691.0,225433.0,Yolo
CNT.058,COUNTY OF YUBA,COUNTY,CDSA Building Inspection,,Yes,,22,"Administrative Analyst, Administrative Analyst, Building Inspector I, Building Inspector I, Building Inspector III, Building Inspector III, Chief Building Official, Code Enforcement Officer I, Code Enforcement Officer I, Code Enforcement Officer II, Code Enforcement Officer II, Code Enforcement Officer III, Code Enforcement Supervisor, Deputy Director - CDSA, Permit Technician, Permit Technician, Plan Checker II, Public Works Maintenance Worker I, Public Works Maintenance Worker II, Senior Permit Technician, Senior Permit Technician, Supervising Building Official",1704865.0,85023.0,Yuba
T.001,APPLE VALLEY,TOWNS,,,,,,,,,
T.002,ATHERTON,TOWNS,,,,,,,,,
T.003,COLMA,TOWNS,,,,,,,,,
T.004,CORTE MADERA,TOWNS,Community Development,,Yes,,13,"Assistant Planner, Associate Planner, Building Inspector/Plans Examiner, Chief Building Official, Commissioner, Customer Service Representative, Director Community Development, Permit Technician, Permit Technician, Permit Technician, Permit Technician, Permit Technician, Senior Planner",869295.0,9966.0,Marin
T.005,DANVILLE,TOWNS,Building,,Yes,,7,"Building Inspector, Building Inspector, Chief Building Official, Code Enforcement Officer, Development Services Technician, Permit Center Supervisor, Plans Examiner",694459.0,42960.0,Contra Costa
T.006,FAIRFAX,TOWNS,Building & Planning,,Yes,,5,"Associate Planner, Associate Planner, Building Official, Director Of Building & Planning, Principal Planner",601137.0,7407.0,Marin
T.007,HILLSBOROUGH,TOWNS,Building & Planning,,Yes,,14,"Assistant Director Of Building/Planning, Assistant Planner, Associate Planner, Building & Planning Technician I, Building & Planning Technician II, Building Inspector I, Building Official, Director Of Building & Planning, Director Of Building & Planning, Management Assistant, Part-Time Clerical, Senior Building & Planning Technician, Senior Building Inspector/Plan Checker, Senior Planner",1726960.0,11254.0,San Mateo
T.008,LOOMIS,TOWNS,,,,,,,,,
T.009,LOS ALTOS HILLS,TOWNS,,,,,,,,,
T.010,LOS GATOS,TOWNS,Community Development,,Yes,,24,"Admin Analyst Temp/Hourly, Administrative Analyst, Administrative Assistant, Administrative Technician, Assistant Planner, Assistant Planner, Associate Planner, Associate Planner, Building Inspector, Building Inspector, Building Inspector, Building Inspector, Chief Building Official, Code Compliance Officer, Code Compliance Officer Temp/Hourly, Code Compliance Officer Temp/Hourly, Community Development Director, Permit Technician, Permit Technician, Planning Manager, Planning Manager, Planning Technician, Senior Building Inspector, Senior Planner",2657547.0,33355.0,Santa Clara
T.011,MAMMOTH LAKES,TOWNS,Building,,Yes,,5,"Building Inspector/ Plans Examiner, Building Official, Code Compliance Officer, Permit Technician I, Permit Technician/Plans Examiner",442333.0,7040.0,Mono
T.012,MORAGA,TOWNS,,,,,,,,,
T.013,PARADISE,TOWNS,,,,,,,,,
T.014,PORTOLA VALLEY,TOWNS,,,,,,,,,
T.015,ROSS,TOWNS,,,,,,,,,
T.016,SAN ANSELMO,TOWNS,Public Works,,Yes,,18,"Assistant Civil Engineer, Assistant Civil Engineer, Assistant Civil Engineer, Assistant Civil Engineer, Assistant Public Works Director, Building Official, Maintenance Supervisor, Maintenance Worker I, Maintenance Worker I, Maintenance Worker II, Maintenance Worker II, Public Works Director, Public Works Manager, Seasonal Maintenance Worker, Seasonal Maintenance Worker, Seasonal Maintenance Worker, Seasonal Maintenance Worker, Senior Maintenance Worker",1444327.0,12551.0,Marin
T.017,TIBURON,TOWNS,Building,,Yes,,4,"Building Inspector, Building Official, Building Permit Clerk, Building Permit Technician",422678.0,8910.0,Marin
T.018,TRUCKEE,TOWNS,Community Development/Building,,Yes,,11,"Administrative Technician, Building Inspector/Plans Exam II - RA, Building Inspector/Plans Examiner I, Building Inspector/Plans Examiner I, Building Inspector/Plans Examiner I, Building Inspector/Plans Examiner II, Building Inspector/Plans Examiner III, Chief Building Official, Office Assistant, Permit Technician, Permit Technician",772571.0,16928.0,Nevada
T.019,WINDSOR,TOWNS,Community Development,,Yes,,10,"Building Official, Community Development Director, Permit Supervisor, Permit Technician, Planner I, Planner I, Planner III, Planner III, Senior Administrative Assistant, Senior Building Inspector",1127363.0,25625.0,Sonoma
T.020,WOODSIDE,TOWNS,,,,,,,,,
T.021,YOUNTVILLE,TOWNS,,,,,,,,,
T.022,YUCCA VALLEY,TOWNS,,,,,,,,,
